,ID,Date,DoseType,DoseValue,Vax_Partial,Vax_Full
58202,IT,2020-12-29,Admin,8861.0,8861.0,
58203,IT,2020-12-30,Admin,9960.0,9960.0,
58204,IT,2020-12-31,Admin,14852.0,14852.0,
58205,IT,2021-01-01,Admin,40854.0,40854.0,
58206,IT,2021-01-02,Admin,52141.0,52141.0,
58207,IT,2021-01-03,Admin,91240.0,91240.0,
58208,IT,2021-01-04,Admin,127134.0,127134.0,
58209,IT,2021-01-05,Admin,196814.0,196814.0,
58210,IT,2021-01-06,Admin,277104.0,277104.0,
58211,IT,2021-01-07,Admin,342301.0,342301.0,
58212,IT,2021-01-08,Admin,434989.0,434989.0,
58213,IT,2021-01-09,Admin,532029.0,532029.0,
58214,IT,2021-01-10,Admin,620320.0,620320.0,
58215,IT,2021-01-11,Admin,681262.0,681262.0,
58216,IT,2021-01-12,Admin,763493.0,763493.0,
58217,IT,2021-01-13,Admin,847078.0,847078.0,
58218,IT,2021-01-14,Admin,942603.0,942603.0,
58219,IT,2021-01-15,Admin,1036443.0,1036443.0,
58220,IT,2021-01-16,Admin,1127510.0,1127510.0,
58221,IT,2021-01-17,Admin,1193665.0,1193665.0,
58222,IT,2021-01-18,Admin,1231324.0,1228332.0,
58223,IT,2021-01-19,Admin,1276047.0,1267953.0,
58224,IT,2021-01-20,Admin,1309689.0,1299806.0,
58225,IT,2021-01-21,Admin,1341241.0,1326751.0,
58226,IT,2021-01-22,Admin,1377854.0,1343411.0,
58227,IT,2021-01-23,Admin,1405373.0,1356716.0,
58228,IT,2021-01-24,Admin,1444776.0,1362822.0,
58229,IT,2021-01-25,Admin,1478832.0,1366117.0,
58230,IT,2021-01-26,Admin,1548519.0,1371125.0,
58231,IT,2021-01-27,Admin,1629418.0,1375576.0,
58232,IT,2021-01-28,Admin,1700701.0,1382067.0,
58233,IT,2021-01-29,Admin,1794969.0,1387136.0,
58234,IT,2021-01-30,Admin,1894186.0,1392378.0,
58235,IT,2021-01-31,Admin,1985002.0,1396699.0,
58236,IT,2021-02-01,Admin,2045015.0,1399408.0,
58237,IT,2021-02-02,Admin,2131298.0,1403866.0,
58238,IT,2021-02-03,Admin,2219979.0,1410440.0,
58239,IT,2021-02-04,Admin,2320199.0,1419604.0,
58240,IT,2021-02-05,Admin,2429266.0,1433346.0,
58241,IT,2021-02-06,Admin,2536133.0,1451205.0,
58242,IT,2021-02-07,Admin,2614267.0,1465978.0,
58243,IT,2021-02-08,Admin,2656715.0,1475553.0,
58244,IT,2021-02-09,Admin,2724011.0,1502582.0,
58245,IT,2021-02-10,Admin,2791324.0,1537199.0,
58246,IT,2021-02-11,Admin,2864708.0,1582392.0,
58247,IT,2021-02-12,Admin,2940067.0,1637839.0,
58248,IT,2021-02-13,Admin,3014713.0,1696959.0,
58249,IT,2021-02-14,Admin,3067668.0,1743129.0,
58250,IT,2021-02-15,Admin,3097706.0,1770559.0,
58251,IT,2021-02-16,Admin,3160761.0,1827554.0,
58252,IT,2021-02-17,Admin,3232293.0,1892876.0,
58253,IT,2021-02-18,Admin,3313106.0,1964083.0,
58254,IT,2021-02-19,Admin,3403782.0,2046613.0,
58255,IT,2021-02-20,Admin,3497498.0,2133497.0,
58256,IT,2021-02-21,Admin,3576113.0,2207594.0,
58257,IT,2021-02-22,Admin,3627385.0,2256606.0,
58258,IT,2021-02-23,Admin,3733672.0,2357495.0,
58259,IT,2021-02-24,Admin,3840747.0,2459074.0,
58260,IT,2021-02-25,Admin,3963528.0,2573689.0,
58261,IT,2021-02-26,Admin,4092592.0,2690434.0,
58262,IT,2021-02-27,Admin,4231888.0,2814269.0,
58263,IT,2021-02-28,Admin,4359100.0,2929530.0,
58264,IT,2021-03-01,Admin,4437637.0,2999858.0,
58265,IT,2021-03-02,Admin,4573879.0,3111589.0,
58266,IT,2021-03-03,Admin,4736490.0,3243410.0,
58267,IT,2021-03-04,Admin,4924592.0,3389343.0,
58268,IT,2021-03-05,Admin,5123541.0,3540991.0,
58269,IT,2021-03-06,Admin,5330602.0,3695557.0,
58270,IT,2021-03-07,Admin,5509324.0,3835076.0,
58271,IT,2021-03-08,Admin,5612599.0,3917928.0,
58272,IT,2021-03-09,Admin,5795121.0,4052807.0,
58273,IT,2021-03-10,Admin,5991438.0,4199575.0,
58274,IT,2021-03-11,Admin,6208213.0,4361290.0,
58275,IT,2021-03-12,Admin,6433703.0,4526897.0,
58276,IT,2021-03-13,Admin,6647129.0,4679153.0,
58277,IT,2021-03-14,Admin,6824840.0,4808351.0,
58278,IT,2021-03-15,Admin,6930962.0,4881052.0,
58279,IT,2021-03-16,Admin,7106907.0,4986404.0,
58280,IT,2021-03-17,Admin,7247865.0,5054678.0,
58281,IT,2021-03-18,Admin,7414321.0,5139754.0,
58282,IT,2021-03-19,Admin,7578649.0,5224334.0,
58283,IT,2021-03-20,Admin,7755532.0,5322248.0,
58284,IT,2021-03-21,Admin,7932095.0,5436538.0,
58285,IT,2021-03-22,Admin,8062912.0,5522063.0,
58286,IT,2021-03-23,Admin,8259777.0,5652817.0,
58287,IT,2021-03-24,Admin,8487243.0,5808634.0,
58288,IT,2021-03-25,Admin,8745762.0,5980756.0,
58289,IT,2021-03-26,Admin,9017265.0,6167715.0,
58290,IT,2021-03-27,Admin,9290284.0,6362301.0,
58291,IT,2021-03-28,Admin,9531941.0,6536581.0,
58292,IT,2021-03-29,Admin,9695763.0,6659513.0,
58293,IT,2021-03-30,Admin,9940316.0,6837765.0,
58294,IT,2021-03-31,Admin,10211447.0,7032452.0,
58295,IT,2021-04-01,Admin,10519208.0,7249136.0,
58296,IT,2021-04-02,Admin,10808381.0,7447696.0,
58297,IT,2021-04-03,Admin,11090981.0,7651203.0,
58298,IT,2021-04-04,Admin,11322219.0,7821495.0,
58299,IT,2021-04-05,Admin,11418578.0,7897441.0,
58300,IT,2021-04-06,Admin,11590274.0,8031108.0,
58301,IT,2021-04-07,Admin,11877673.0,8242130.0,
58302,IT,2021-04-08,Admin,12213215.0,8487566.0,
58303,IT,2021-04-09,Admin,12553627.0,8738675.0,
58304,IT,2021-04-10,Admin,12890980.0,8993811.0,
58305,IT,2021-04-11,Admin,13213328.0,9247320.0,
58306,IT,2021-04-12,Admin,13415973.0,9408606.0,
58307,IT,2021-04-13,Admin,13684530.0,9614598.0,
58308,IT,2021-04-14,Admin,13975402.0,9837837.0,
58309,IT,2021-04-15,Admin,14298232.0,10080555.0,
58310,IT,2021-04-16,Admin,14651689.0,10334908.0,
58311,IT,2021-04-17,Admin,15033851.0,10617252.0,
58312,IT,2021-04-18,Admin,15395093.0,10894184.0,
58313,IT,2021-04-19,Admin,15637788.0,11082524.0,
58314,IT,2021-04-20,Admin,15950057.0,11306844.0,
58315,IT,2021-04-21,Admin,16285282.0,11544140.0,
58316,IT,2021-04-22,Admin,16660055.0,11799683.0,
58317,IT,2021-04-23,Admin,17061035.0,12064662.0,
58318,IT,2021-04-24,Admin,17468418.0,12341294.0,
58319,IT,2021-04-25,Admin,17856752.0,12614955.0,
58320,IT,2021-04-26,Admin,18125110.0,12836143.0,
58321,IT,2021-04-27,Admin,18471070.0,13099939.0,
58322,IT,2021-04-28,Admin,18846124.0,13363317.0,
58323,IT,2021-04-29,Admin,19256911.0,13634115.0,
58324,IT,2021-04-30,Admin,19788914.0,13991151.0,
58325,IT,2021-05-01,Admin,20319525.0,14331505.0,
58326,IT,2021-05-02,Admin,20754048.0,14616649.0,
58327,IT,2021-05-03,Admin,21124962.0,14869874.0,
58328,IT,2021-05-04,Admin,21539203.0,15161917.0,
58329,IT,2021-05-05,Admin,21993186.0,15478115.0,
58330,IT,2021-05-06,Admin,22480726.0,15819330.0,
58331,IT,2021-05-07,Admin,23001211.0,16167558.0,
58332,IT,2021-05-08,Admin,23545922.0,16524221.0,
58333,IT,2021-05-09,Admin,24060594.0,16851778.0,
58334,IT,2021-05-10,Admin,24444866.0,17108817.0,
58335,IT,2021-05-11,Admin,24887360.0,17402793.0,
58336,IT,2021-05-12,Admin,25346291.0,17705581.0,
58337,IT,2021-05-13,Admin,25832588.0,18031762.0,
58338,IT,2021-05-14,Admin,26363216.0,18378170.0,
58339,IT,2021-05-15,Admin,26919899.0,18731146.0,
58340,IT,2021-05-16,Admin,27466028.0,19095147.0,
58341,IT,2021-05-17,Admin,27876617.0,19368557.0,
58342,IT,2021-05-18,Admin,28343449.0,19640853.0,
58343,IT,2021-05-19,Admin,28814446.0,19923506.0,
58344,IT,2021-05-20,Admin,29303242.0,20230884.0,
58345,IT,2021-05-21,Admin,29858684.0,20543202.0,
58346,IT,2021-05-22,Admin,30432191.0,20872841.0,
58347,IT,2021-05-23,Admin,30955730.0,21195824.0,
58348,IT,2021-05-24,Admin,31363796.0,21447401.0,
58349,IT,2021-05-25,Admin,31829476.0,21723047.0,
58350,IT,2021-05-26,Admin,32310287.0,21993782.0,
58351,IT,2021-05-27,Admin,32839399.0,22283083.0,
58352,IT,2021-05-28,Admin,33431267.0,22593394.0,
58353,IT,2021-05-29,Admin,34026482.0,22917766.0,
58354,IT,2021-05-30,Admin,34551919.0,23238277.0,
58355,IT,2021-05-31,Admin,34954514.0,23494376.0,
58356,IT,2021-06-01,Admin,35435403.0,23822435.0,
58357,IT,2021-06-02,Admin,35905746.0,24158563.0,
58358,IT,2021-06-03,Admin,36318786.0,24500309.0,
58359,IT,2021-06-04,Admin,36917574.0,24967565.0,
58360,IT,2021-06-05,Admin,37551792.0,25475848.0,
58361,IT,2021-06-06,Admin,38171040.0,25976995.0,
58362,IT,2021-06-07,Admin,38683819.0,26408106.0,
58363,IT,2021-06-08,Admin,39256120.0,26866369.0,
58364,IT,2021-06-09,Admin,39839630.0,27330024.0,
58365,IT,2021-06-10,Admin,40435138.0,27803624.0,
58366,IT,2021-06-11,Admin,41070095.0,28309909.0,
58367,IT,2021-06-12,Admin,41694135.0,28800325.0,
58368,IT,2021-06-13,Admin,42261445.0,29265322.0,
58369,IT,2021-06-14,Admin,42697728.0,29624633.0,
58370,IT,2021-06-15,Admin,43232199.0,29959647.0,
58371,IT,2021-06-16,Admin,43769628.0,30284036.0,
58372,IT,2021-06-17,Admin,44328557.0,30606412.0,
58373,IT,2021-06-18,Admin,44934475.0,30927203.0,
58374,IT,2021-06-19,Admin,45545019.0,31246596.0,
58375,IT,2021-06-20,Admin,46104934.0,31543951.0,
58376,IT,2021-06-21,Admin,46543334.0,31770498.0,
58377,IT,2021-06-22,Admin,47103009.0,32055492.0,
58378,IT,2021-06-23,Admin,47675638.0,32345876.0,
58379,IT,2021-06-24,Admin,48245058.0,32626953.0,
58380,IT,2021-06-25,Admin,48858067.0,32922737.0,
58381,IT,2021-06-26,Admin,49476561.0,33207300.0,
58382,IT,2021-06-27,Admin,50032247.0,33475456.0,
58383,IT,2021-06-28,Admin,50464163.0,33689394.0,
58384,IT,2021-06-29,Admin,51024662.0,33956534.0,
58385,IT,2021-06-30,Admin,51589110.0,34204309.0,
58386,IT,2021-07-01,Admin,52163716.0,34451493.0,
58387,IT,2021-07-02,Admin,52734005.0,34674057.0,
58388,IT,2021-07-03,Admin,53290648.0,34875776.0,
58389,IT,2021-07-04,Admin,53818444.0,35042951.0,
58390,IT,2021-07-05,Admin,54233376.0,35183595.0,
58391,IT,2021-07-06,Admin,54775051.0,35353946.0,
58392,IT,2021-07-07,Admin,55314365.0,35519374.0,
58393,IT,2021-07-08,Admin,55863768.0,35667429.0,
58394,IT,2021-07-09,Admin,56449839.0,35783935.0,
58395,IT,2021-07-10,Admin,57049622.0,35894467.0,
58396,IT,2021-07-11,Admin,57619506.0,35996715.0,
58397,IT,2021-07-12,Admin,58031164.0,36056170.0,
58398,IT,2021-07-13,Admin,58599124.0,36147493.0,
58399,IT,2021-07-14,Admin,59171570.0,36236919.0,
58400,IT,2021-07-15,Admin,59739764.0,36335417.0,
58401,IT,2021-07-16,Admin,60354877.0,36438629.0,
58402,IT,2021-07-17,Admin,60951872.0,36536187.0,
58403,IT,2021-07-18,Admin,61490438.0,36618398.0,
58404,IT,2021-07-19,Admin,61935781.0,36705477.0,
58405,IT,2021-07-20,Admin,62511033.0,36828384.0,
58406,IT,2021-07-21,Admin,63079190.0,36949743.0,
58407,IT,2021-07-22,Admin,63664344.0,37085753.0,
58408,IT,2021-07-23,Admin,64272170.0,37232473.0,
58409,IT,2021-07-24,Admin,64860646.0,37394617.0,
58410,IT,2021-07-25,Admin,65356290.0,37515508.0,
58411,IT,2021-07-26,Admin,65720134.0,37599056.0,
58412,IT,2021-07-27,Admin,66285926.0,37747163.0,
58413,IT,2021-07-28,Admin,66860040.0,37895080.0,
58414,IT,2021-07-29,Admin,67400029.0,38059987.0,
58415,IT,2021-07-30,Admin,67940248.0,38243927.0,
58416,IT,2021-07-31,Admin,68456939.0,38435753.0,
58417,IT,2021-08-01,Admin,68889921.0,38594199.0,
58418,IT,2021-08-02,Admin,69186532.0,38708149.0,
58419,IT,2021-08-03,Admin,69664777.0,38865335.0,
58420,IT,2021-08-04,Admin,70134202.0,39023848.0,
58421,IT,2021-08-05,Admin,70612875.0,39204743.0,
58422,IT,2021-08-06,Admin,71075527.0,39387809.0,
58423,IT,2021-08-07,Admin,71516081.0,39582887.0,
58424,IT,2021-08-08,Admin,71861755.0,39740510.0,
58425,IT,2021-08-09,Admin,72121586.0,39853922.0,
58426,IT,2021-08-10,Admin,72529520.0,40041720.0,
58427,IT,2021-08-11,Admin,72907803.0,40228842.0,
58428,IT,2021-08-12,Admin,73267283.0,40408675.0,
58429,IT,2021-08-13,Admin,73606740.0,40594661.0,
58430,IT,2021-08-14,Admin,73904117.0,40755138.0,
58431,IT,2021-08-15,Admin,74033008.0,40822364.0,
58432,IT,2021-08-16,Admin,74085981.0,40850867.0,
58433,IT,2021-08-17,Admin,74321385.0,40981307.0,
58434,IT,2021-08-18,Admin,74573114.0,41114931.0,
58435,IT,2021-08-19,Admin,74833338.0,41258697.0,
58436,IT,2021-08-20,Admin,75076201.0,41387893.0,
58437,IT,2021-08-21,Admin,75308224.0,41506286.0,
58438,IT,2021-08-22,Admin,75464848.0,41586538.0,
58439,IT,2021-08-23,Admin,75578264.0,41636404.0,
58440,IT,2021-08-24,Admin,75889560.0,41786593.0,
58441,IT,2021-08-25,Admin,76170982.0,41925278.0,
58442,IT,2021-08-26,Admin,76466701.0,42057820.0,
58443,IT,2021-08-27,Admin,76749267.0,42181278.0,
58444,IT,2021-08-28,Admin,77040322.0,42298906.0,
58445,IT,2021-08-29,Admin,77268026.0,42395643.0,
58446,IT,2021-08-30,Admin,77429343.0,42464067.0,
58447,IT,2021-08-31,Admin,77780380.0,42622008.0,
58448,IT,2021-09-01,Admin,78105092.0,42766854.0,
58449,IT,2021-09-02,Admin,78419741.0,42902796.0,
58450,IT,2021-09-03,Admin,78718898.0,43024982.0,
58451,IT,2021-09-04,Admin,79015593.0,43142543.0,
58452,IT,2021-09-05,Admin,79236756.0,43242718.0,
58453,IT,2021-09-06,Admin,79380183.0,43304118.0,
58454,IT,2021-09-07,Admin,79670670.0,43412609.0,
58455,IT,2021-09-08,Admin,79954073.0,43510573.0,
58456,IT,2021-09-09,Admin,80226114.0,43605375.0,
58457,IT,2021-09-10,Admin,80504944.0,43693038.0,
58458,IT,2021-09-11,Admin,80778894.0,43779241.0,
58459,IT,2021-09-12,Admin,80984352.0,43851863.0,
58460,IT,2021-09-13,Admin,81116804.0,43900011.0,
58461,IT,2021-09-14,Admin,81373811.0,43973527.0,
58462,IT,2021-09-15,Admin,81613761.0,44044115.0,
58463,IT,2021-09-16,Admin,81837934.0,44112818.0,
58464,IT,2021-09-17,Admin,82054589.0,44175788.0,
58465,IT,2021-09-18,Admin,82273569.0,44251455.0,
58466,IT,2021-09-19,Admin,82480968.0,44338624.0,
58467,IT,2021-09-20,Admin,82612041.0,44393157.0,
58468,IT,2021-09-21,Admin,82879237.0,44479141.0,
58469,IT,2021-09-22,Admin,83135872.0,44568230.0,
58470,IT,2021-09-23,Admin,83388240.0,44660062.0,
58471,IT,2021-09-24,Admin,83618711.0,44751435.0,
58472,IT,2021-09-25,Admin,83854411.0,44846146.0,
58473,IT,2021-09-26,Admin,84059744.0,44934124.0,
58474,IT,2021-09-27,Admin,84187371.0,44990390.0,
58475,IT,2021-09-28,Admin,84409846.0,45074794.0,
58476,IT,2021-09-29,Admin,84612534.0,45156052.0,
58477,IT,2021-09-30,Admin,84810229.0,45236599.0,
58478,IT,2021-10-01,Admin,85014817.0,45324403.0,
58479,IT,2021-10-02,Admin,85191742.0,45393258.0,
58480,IT,2021-10-03,Admin,85342314.0,45456710.0,
58481,IT,2021-10-04,Admin,85428518.0,45490379.0,
58482,IT,2021-10-05,Admin,85604189.0,45548266.0,
58483,IT,2021-10-06,Admin,85770672.0,45605491.0,
58484,IT,2021-10-07,Admin,85930209.0,45664039.0,
58485,IT,2021-10-08,Admin,86091327.0,45724817.0,
58486,IT,2021-10-09,Admin,86264271.0,45789685.0,
58487,IT,2021-10-10,Admin,86412820.0,45845445.0,
58488,IT,2021-10-11,Admin,86498193.0,45874092.0,
58489,IT,2021-10-12,Admin,86681582.0,45934059.0,
58490,IT,2021-10-13,Admin,86871497.0,45997991.0,
58491,IT,2021-10-14,Admin,87076897.0,46068318.0,
58492,IT,2021-10-15,Admin,87302625.0,46150203.0,
58493,IT,2021-10-16,Admin,87522515.0,46227211.0,
58494,IT,2021-10-17,Admin,87694007.0,46284585.0,
58495,IT,2021-10-18,Admin,87798110.0,46316308.0,
58496,IT,2021-10-19,Admin,87995598.0,46368547.0,
58497,IT,2021-10-20,Admin,88182069.0,46411378.0,
58498,IT,2021-10-21,Admin,88370355.0,46450342.0,
58499,IT,2021-10-22,Admin,88562447.0,46486244.0,
58500,IT,2021-10-23,Admin,88743265.0,46520502.0,
58501,IT,2021-10-24,Admin,88877119.0,46544762.0,
58502,IT,2021-10-25,Admin,88944795.0,46557171.0,
58503,IT,2021-10-26,Admin,89115063.0,46584130.0,
58504,IT,2021-10-27,Admin,89286817.0,46608537.0,
58505,IT,2021-10-28,Admin,89470409.0,46632592.0,
58506,IT,2021-10-29,Admin,89666382.0,46655683.0,
58507,IT,2021-10-30,Admin,89849930.0,46676892.0,
58508,IT,2021-10-31,Admin,89984283.0,46694838.0,
58509,IT,2021-11-01,Admin,90045191.0,46703407.0,
58510,IT,2021-11-02,Admin,90097903.0,46709634.0,
58511,IT,2021-11-03,Admin,90266606.0,46728130.0,
58512,IT,2021-11-04,Admin,90462975.0,46747262.0,
58513,IT,2021-11-05,Admin,90666488.0,46766952.0,
58514,IT,2021-11-06,Admin,90883011.0,46787270.0,
58515,IT,2021-11-07,Admin,91036071.0,46804842.0,
58516,IT,2021-11-08,Admin,91103312.0,46812754.0,
58517,IT,2021-11-09,Admin,91304524.0,46833144.0,
58518,IT,2021-11-10,Admin,91512028.0,46852671.0,
58519,IT,2021-11-11,Admin,91729737.0,46872992.0,
58520,IT,2021-11-12,Admin,91948807.0,46893589.0,
58521,IT,2021-11-13,Admin,92172732.0,46914019.0,
58522,IT,2021-11-14,Admin,92340024.0,46932930.0,
58523,IT,2021-11-15,Admin,92414220.0,46940782.0,
58524,IT,2021-11-16,Admin,92626619.0,46960318.0,
58525,IT,2021-11-17,Admin,92846369.0,46979476.0,
58526,IT,2021-11-18,Admin,93071109.0,46998571.0,
58527,IT,2021-11-19,Admin,93315473.0,47020121.0,
58528,IT,2021-11-20,Admin,93570256.0,47041539.0,
58529,IT,2021-11-21,Admin,93765167.0,47060202.0,
58530,IT,2021-11-22,Admin,93849101.0,47069218.0,
58531,IT,2021-11-23,Admin,94105424.0,47091801.0,
58532,IT,2021-11-24,Admin,94391538.0,47113704.0,
58533,IT,2021-11-25,Admin,94710832.0,47136018.0,
58534,IT,2021-11-26,Admin,95060878.0,47163406.0,
58535,IT,2021-11-27,Admin,95431780.0,47193126.0,
58536,IT,2021-11-28,Admin,95747402.0,47222970.0,
58537,IT,2021-11-29,Admin,95908910.0,47238388.0,
58538,IT,2021-11-30,Admin,96289262.0,47272382.0,
58539,IT,2021-12-01,Admin,96709305.0,47305563.0,
58540,IT,2021-12-02,Admin,97174686.0,47338032.0,
58541,IT,2021-12-03,Admin,97670148.0,47371705.0,
58542,IT,2021-12-04,Admin,98195330.0,47406789.0,
58543,IT,2021-12-05,Admin,98666791.0,47439423.0,
58544,IT,2021-12-06,Admin,98961786.0,47462788.0,
58545,IT,2021-12-07,Admin,99486665.0,47507593.0,
58546,IT,2021-12-08,Admin,100030014.0,47550592.0,
58547,IT,2021-12-09,Admin,100311822.0,47574521.0,
58548,IT,2021-12-10,Admin,100870462.0,47613209.0,
58549,IT,2021-12-11,Admin,101449466.0,47649708.0,
58550,IT,2021-12-12,Admin,101961364.0,47681924.0,
58551,IT,2021-12-13,Admin,102286594.0,47703329.0,
58552,IT,2021-12-14,Admin,102810136.0,47736468.0,
58553,IT,2021-12-15,Admin,103359274.0,47769531.0,
58554,IT,2021-12-16,Admin,103929830.0,47800836.0,
58555,IT,2021-12-17,Admin,104520259.0,47847018.0,
58556,IT,2021-12-18,Admin,105104678.0,47888243.0,
58557,IT,2021-12-19,Admin,105649846.0,47941344.0,
58558,IT,2021-12-20,Admin,106000298.0,47979196.0,
58559,IT,2021-12-21,Admin,106546684.0,48020987.0,
58560,IT,2021-12-22,Admin,107108257.0,48062142.0,
58561,IT,2021-12-23,Admin,107661175.0,48104325.0,
58562,IT,2021-12-24,Admin,108155348.0,48147046.0,
58563,IT,2021-12-25,Admin,108393205.0,48162257.0,
58564,IT,2021-12-26,Admin,108429856.0,48163892.0,
58565,IT,2021-12-27,Admin,108613422.0,48180903.0,
58566,IT,2021-12-28,Admin,109210723.0,48231170.0,
58567,IT,2021-12-29,Admin,109862464.0,48291365.0,
58568,IT,2021-12-30,Admin,110503534.0,48352480.0,
58569,IT,2021-12-31,Admin,111086482.0,48408464.0,
58570,IT,2022-01-01,Admin,111367521.0,48430170.0,
58571,IT,2022-01-02,Admin,111440692.0,48435548.0,
58572,IT,2022-01-03,Admin,111780072.0,48479427.0,
58573,IT,2022-01-04,Admin,112407554.0,48545450.0,
58574,IT,2022-01-05,Admin,113095380.0,48622412.0,
58575,IT,2022-01-06,Admin,113762209.0,48694815.0,
58576,IT,2022-01-07,Admin,114102891.0,48741465.0,
58577,IT,2022-01-08,Admin,114790542.0,48818169.0,
58578,IT,2022-01-09,Admin,115431012.0,48902244.0,
58579,IT,2022-01-10,Admin,115852304.0,48966421.0,
58580,IT,2022-01-11,Admin,116520576.0,49037295.0,
58581,IT,2022-01-12,Admin,117244450.0,49119635.0,
58582,IT,2022-01-13,Admin,117957661.0,49199440.0,
58583,IT,2022-01-14,Admin,118664555.0,49273747.0,
58584,IT,2022-01-15,Admin,119372169.0,49352012.0,
58585,IT,2022-01-16,Admin,120072962.0,49450378.0,
58586,IT,2022-01-17,Admin,120507234.0,49516268.0,
58587,IT,2022-01-18,Admin,121105537.0,49574923.0,
58588,IT,2022-01-19,Admin,121735979.0,49634391.0,
58589,IT,2022-01-20,Admin,122346664.0,49689305.0,
58590,IT,2022-01-21,Admin,122949419.0,49743464.0,
58591,IT,2022-01-22,Admin,123535053.0,49797812.0,
58592,IT,2022-01-23,Admin,124100570.0,49867963.0,
58593,IT,2022-01-24,Admin,124448912.0,49908706.0,
58594,IT,2022-01-25,Admin,124979720.0,49949240.0,
58595,IT,2022-01-26,Admin,125530686.0,49990191.0,
58596,IT,2022-01-27,Admin,126061744.0,50029908.0,
58597,IT,2022-01-28,Admin,126580149.0,50070008.0,
58598,IT,2022-01-29,Admin,127112845.0,50110560.0,
58599,IT,2022-01-30,Admin,127641462.0,50161926.0,
58600,IT,2022-01-31,Admin,127962071.0,50198418.0,
58601,IT,2022-02-01,Admin,128413355.0,50235120.0,
58602,IT,2022-02-02,Admin,128838359.0,50268722.0,
58603,IT,2022-02-03,Admin,129226158.0,50298778.0,
58604,IT,2022-02-04,Admin,129586899.0,50327167.0,
58605,IT,2022-02-05,Admin,129953868.0,50356160.0,
58606,IT,2022-02-06,Admin,130319532.0,50392196.0,
58607,IT,2022-02-07,Admin,130510233.0,50412846.0,
58608,IT,2022-02-08,Admin,130794283.0,50433644.0,
58609,IT,2022-02-09,Admin,131067305.0,50455459.0,
58610,IT,2022-02-10,Admin,131309940.0,50474984.0,
58611,IT,2022-02-11,Admin,131548354.0,50493207.0,
58612,IT,2022-02-12,Admin,131789829.0,50511617.0,
58613,IT,2022-02-13,Admin,132032911.0,50532350.0,
58614,IT,2022-02-14,Admin,132152360.0,50542440.0,
58615,IT,2022-02-15,Admin,132325087.0,50553458.0,
58616,IT,2022-02-16,Admin,132508546.0,50566351.0,
58617,IT,2022-02-17,Admin,132669881.0,50576984.0,
58618,IT,2022-02-18,Admin,132819302.0,50586440.0,
58619,IT,2022-02-19,Admin,132987583.0,50596757.0,
58620,IT,2022-02-20,Admin,133149884.0,50607437.0,
58621,IT,2022-02-21,Admin,133225398.0,50611737.0,
58622,IT,2022-02-22,Admin,133358829.0,50618497.0,
58623,IT,2022-02-23,Admin,133485950.0,50625503.0,
58624,IT,2022-02-24,Admin,133604585.0,50632087.0,
58625,IT,2022-02-25,Admin,133721150.0,50638596.0,
58626,IT,2022-02-26,Admin,133851998.0,50644602.0,
58627,IT,2022-02-27,Admin,133985618.0,50650663.0,
58628,IT,2022-02-28,Admin,134046175.0,50653162.0,
58629,IT,2022-03-01,Admin,134161392.0,50658687.0,
58630,IT,2022-03-02,Admin,134246329.0,50664985.0,
58631,IT,2022-03-03,Admin,134326042.0,50670148.0,
58632,IT,2022-03-04,Admin,134411972.0,50676052.0,
58633,IT,2022-03-05,Admin,134505458.0,50681164.0,
58634,IT,2022-03-06,Admin,134594190.0,50686367.0,
58635,IT,2022-03-07,Admin,134623540.0,50688074.0,
58636,IT,2022-03-08,Admin,134697644.0,50691967.0,
58637,IT,2022-03-09,Admin,134768631.0,50696030.0,
58638,IT,2022-03-10,Admin,134835059.0,50699591.0,
58639,IT,2022-03-11,Admin,134907870.0,50703669.0,
58640,IT,2022-03-12,Admin,134987245.0,50707892.0,
58641,IT,2022-03-13,Admin,135065214.0,50712001.0,
58642,IT,2022-03-14,Admin,135089427.0,50713383.0,
58643,IT,2022-03-15,Admin,135151858.0,50716811.0,
58644,IT,2022-03-16,Admin,135215341.0,50720352.0,
58645,IT,2022-03-17,Admin,135272167.0,50723651.0,
58646,IT,2022-03-18,Admin,135332298.0,50727072.0,
58647,IT,2022-03-19,Admin,135396970.0,50730388.0,
58648,IT,2022-03-20,Admin,135457489.0,50733673.0,
58649,IT,2022-03-21,Admin,135472766.0,50734563.0,
58650,IT,2022-03-22,Admin,135524974.0,50737109.0,
58651,IT,2022-03-23,Admin,135575518.0,50739522.0,
58652,IT,2022-03-24,Admin,135620342.0,50741891.0,
58653,IT,2022-03-25,Admin,135671970.0,50744502.0,
58654,IT,2022-03-26,Admin,135728113.0,50746984.0,
58655,IT,2022-03-27,Admin,135781559.0,50749767.0,
58656,IT,2022-03-28,Admin,135794528.0,50750562.0,
58657,IT,2022-03-29,Admin,135839172.0,50752454.0,
58658,IT,2022-03-30,Admin,135881101.0,50754434.0,
58659,IT,2022-03-31,Admin,135919856.0,50756379.0,
58660,IT,2022-04-01,Admin,135962370.0,50758366.0,
58661,IT,2022-04-02,Admin,135994267.0,50759776.0,
58662,IT,2022-04-03,Admin,136024048.0,50761383.0,
58663,IT,2022-04-04,Admin,136030012.0,50761799.0,
58664,IT,2022-04-05,Admin,136057249.0,50762892.0,
58665,IT,2022-04-06,Admin,136086274.0,50764177.0,
58666,IT,2022-04-07,Admin,136114492.0,50765539.0,
58667,IT,2022-04-08,Admin,136144057.0,50766908.0,
58668,IT,2022-04-09,Admin,136177918.0,50768443.0,
58669,IT,2022-04-10,Admin,136208169.0,50769984.0,
58670,IT,2022-04-11,Admin,136214045.0,50770390.0,
58671,IT,2022-04-12,Admin,136242697.0,50771683.0,
58672,IT,2022-04-13,Admin,136270481.0,50772929.0,
58673,IT,2022-04-14,Admin,136299731.0,50774314.0,
58674,IT,2022-04-15,Admin,136335961.0,50775803.0,
58675,IT,2022-04-16,Admin,136368505.0,50776974.0,
58676,IT,2022-04-17,Admin,136387556.0,50777778.0,
58677,IT,2022-04-18,Admin,136388071.0,50777817.0,
58678,IT,2022-04-19,Admin,136389989.0,50777865.0,
58679,IT,2022-04-20,Admin,136432513.0,50779152.0,
58680,IT,2022-04-21,Admin,136478327.0,50780425.0,
58681,IT,2022-04-22,Admin,136524333.0,50781647.0,
58682,IT,2022-04-23,Admin,136573667.0,50782931.0,
58683,IT,2022-04-24,Admin,136611973.0,50784119.0,
58684,IT,2022-04-25,Admin,136618904.0,50784344.0,
58685,IT,2022-04-26,Admin,136622372.0,50784415.0,
58686,IT,2022-04-27,Admin,136673264.0,50785603.0,
58687,IT,2022-04-28,Admin,136723775.0,50786733.0,
58688,IT,2022-04-29,Admin,136771431.0,50787697.0,
58689,IT,2022-04-30,Admin,136820306.0,50788929.0,
58690,IT,2022-05-01,Admin,136857325.0,50790114.0,
58691,IT,2022-05-02,Admin,136859774.0,50790181.0,
58692,IT,2022-05-03,Admin,136895423.0,50790921.0,
58693,IT,2022-05-04,Admin,136939423.0,50791751.0,
58694,IT,2022-05-05,Admin,136985359.0,50792705.0,
58695,IT,2022-05-06,Admin,137031249.0,50793594.0,
58696,IT,2022-05-07,Admin,137075849.0,50794484.0,
58697,IT,2022-05-08,Admin,137106020.0,50795382.0,
58698,IT,2022-05-09,Admin,137111805.0,50795638.0,
58699,IT,2022-05-10,Admin,137147355.0,50796288.0,
58700,IT,2022-05-11,Admin,137190136.0,50797043.0,
58701,IT,2022-05-12,Admin,137237631.0,50797877.0,
58702,IT,2022-05-13,Admin,137283442.0,50798541.0,
58703,IT,2022-05-14,Admin,137326868.0,50799383.0,
58704,IT,2022-05-15,Admin,137357328.0,50800298.0,
58705,IT,2022-05-16,Admin,137363141.0,50800529.0,
58706,IT,2022-05-17,Admin,137394793.0,50801113.0,
58707,IT,2022-05-18,Admin,137431320.0,50801820.0,
58708,IT,2022-05-19,Admin,137474633.0,50802684.0,
58709,IT,2022-05-20,Admin,137516023.0,50803536.0,
58710,IT,2022-05-21,Admin,137554208.0,50804303.0,
58711,IT,2022-05-22,Admin,137580694.0,50805068.0,
58712,IT,2022-05-23,Admin,137585438.0,50805245.0,
58713,IT,2022-05-24,Admin,137614114.0,50805645.0,
58714,IT,2022-05-25,Admin,137649010.0,50806215.0,
58715,IT,2022-05-26,Admin,137687058.0,50806946.0,
58716,IT,2022-05-27,Admin,137724655.0,50807629.0,
58717,IT,2022-05-28,Admin,137759431.0,50808360.0,
58718,IT,2022-05-29,Admin,137782632.0,50809055.0,
58719,IT,2022-05-30,Admin,137786948.0,50809251.0,
58720,IT,2022-05-31,Admin,137812328.0,50809767.0,
58721,IT,2022-06-01,Admin,137842281.0,50810333.0,
58722,IT,2022-06-02,Admin,137866624.0,50810891.0,
58723,IT,2022-06-03,Admin,137868053.0,50810928.0,
58724,IT,2022-06-04,Admin,137887511.0,50811377.0,
58725,IT,2022-06-05,Admin,137899658.0,50811904.0,
58726,IT,2022-06-06,Admin,137900973.0,50811961.0,
58727,IT,2022-06-07,Admin,137918814.0,50812354.0,
58728,IT,2022-06-08,Admin,137941145.0,50812887.0,
58729,IT,2022-06-09,Admin,137965136.0,50813434.0,
58730,IT,2022-06-10,Admin,137989496.0,50814022.0,
58731,IT,2022-06-11,Admin,138012477.0,50814576.0,
58732,IT,2022-06-12,Admin,138027063.0,50815171.0,
58733,IT,2022-06-13,Admin,138028690.0,50815266.0,
58734,IT,2022-06-14,Admin,138043449.0,50815627.0,
58735,IT,2022-06-15,Admin,138063969.0,50816163.0,
58736,IT,2022-06-16,Admin,138085323.0,50816790.0,
58737,IT,2022-06-17,Admin,138105307.0,50817308.0,
58738,IT,2022-06-18,Admin,138124654.0,50817822.0,
58739,IT,2022-06-19,Admin,138138197.0,50818288.0,
58740,IT,2022-06-20,Admin,138139268.0,50818325.0,
58741,IT,2022-06-21,Admin,138154521.0,50818738.0,
58742,IT,2022-06-22,Admin,138173904.0,50819255.0,
58743,IT,2022-06-23,Admin,138194377.0,50819787.0,
58744,IT,2022-06-24,Admin,138214659.0,50820242.0,
58745,IT,2022-06-25,Admin,138234961.0,50820705.0,
58746,IT,2022-06-26,Admin,138250835.0,50821363.0,
58747,IT,2022-06-27,Admin,138252078.0,50821421.0,
58748,IT,2022-06-28,Admin,138268938.0,50821859.0,
58749,IT,2022-06-29,Admin,138289750.0,50822401.0,
58750,IT,2022-06-30,Admin,138310994.0,50822956.0,
58751,IT,2022-07-01,Admin,138334147.0,50823557.0,
58752,IT,2022-07-02,Admin,138351895.0,50824019.0,
58753,IT,2022-07-03,Admin,138363642.0,50824440.0,
58754,IT,2022-07-04,Admin,138364743.0,50824493.0,
58755,IT,2022-07-05,Admin,138381348.0,50824925.0,
58756,IT,2022-07-06,Admin,138403643.0,50825458.0,
58757,IT,2022-07-07,Admin,138427304.0,50826024.0,
58758,IT,2022-07-08,Admin,138453505.0,50826514.0,
58759,IT,2022-07-09,Admin,138480591.0,50827008.0,
58760,IT,2022-07-10,Admin,138499036.0,50827522.0,
58761,IT,2022-07-11,Admin,138500771.0,50827587.0,
58762,IT,2022-07-12,Admin,138526785.0,50828070.0,
58763,IT,2022-07-13,Admin,138563664.0,50828655.0,
58764,IT,2022-07-14,Admin,138613328.0,50829315.0,
58765,IT,2022-07-15,Admin,138673669.0,50829923.0,
58766,IT,2022-07-16,Admin,138743957.0,50830551.0,
58767,IT,2022-07-17,Admin,138788136.0,50831114.0,
58768,IT,2022-07-18,Admin,138793896.0,50831171.0,
58769,IT,2022-07-19,Admin,138862118.0,50831656.0,
58770,IT,2022-07-20,Admin,138940669.0,50832266.0,
58771,IT,2022-07-21,Admin,139023529.0,50832852.0,
58772,IT,2022-07-22,Admin,139110826.0,50833499.0,
58773,IT,2022-07-23,Admin,139191813.0,50834040.0,
58774,IT,2022-07-24,Admin,139240762.0,50834376.0,
58775,IT,2022-07-25,Admin,139248029.0,50834411.0,
58776,IT,2022-07-26,Admin,139312114.0,50834870.0,
58777,IT,2022-07-27,Admin,139381484.0,50835344.0,
58778,IT,2022-07-28,Admin,139456224.0,50835932.0,
58779,IT,2022-07-29,Admin,139535648.0,50836638.0,
58780,IT,2022-07-30,Admin,139604939.0,50837156.0,
58781,IT,2022-07-31,Admin,139648163.0,50837574.0,
58782,IT,2022-08-01,Admin,139654465.0,50837623.0,
58783,IT,2022-08-02,Admin,139703357.0,50838017.0,
58784,IT,2022-08-03,Admin,139758015.0,50838483.0,
58785,IT,2022-08-04,Admin,139811394.0,50839022.0,
58786,IT,2022-08-05,Admin,139867134.0,50839523.0,
58787,IT,2022-08-06,Admin,139915040.0,50840019.0,
58788,IT,2022-08-07,Admin,139939858.0,50840300.0,
58789,IT,2022-08-08,Admin,139944222.0,50840328.0,
58790,IT,2022-08-09,Admin,139976007.0,50840676.0,
58791,IT,2022-08-10,Admin,140012247.0,50841074.0,
58792,IT,2022-08-11,Admin,140045918.0,50841556.0,
58793,IT,2022-08-12,Admin,140078374.0,50841958.0,
58794,IT,2022-08-13,Admin,140102765.0,50842228.0,
58795,IT,2022-08-14,Admin,140112010.0,50842375.0,
58796,IT,2022-08-15,Admin,140112817.0,50842380.0,
58797,IT,2022-08-16,Admin,140113013.0,50842381.0,
58798,IT,2022-08-17,Admin,140130682.0,50842619.0,
58799,IT,2022-08-18,Admin,140151561.0,50842963.0,
58800,IT,2022-08-19,Admin,140176870.0,50843353.0,
58801,IT,2022-08-20,Admin,140196723.0,50843606.0,
58802,IT,2022-08-21,Admin,140206005.0,50843810.0,
58803,IT,2022-08-22,Admin,140206914.0,50843838.0,
58804,IT,2022-08-23,Admin,140223263.0,50844095.0,
58805,IT,2022-08-24,Admin,140244207.0,50844438.0,
58806,IT,2022-08-25,Admin,140263939.0,50844868.0,
58807,IT,2022-08-26,Admin,140286347.0,50845334.0,
58808,IT,2022-08-27,Admin,140306904.0,50845734.0,
58809,IT,2022-08-28,Admin,140316594.0,50845986.0,
58810,IT,2022-08-29,Admin,140317786.0,50846009.0,
58811,IT,2022-08-30,Admin,140335909.0,50846354.0,
58812,IT,2022-08-31,Admin,140357770.0,50846724.0,
58813,IT,2022-09-01,Admin,140379281.0,50847225.0,
58814,IT,2022-09-02,Admin,140398915.0,50847584.0,
58815,IT,2022-09-03,Admin,140415416.0,50847947.0,
58816,IT,2022-09-04,Admin,140424025.0,50848169.0,
58817,IT,2022-09-05,Admin,140424680.0,50848202.0,
58818,IT,2022-09-06,Admin,140439249.0,50848593.0,
58819,IT,2022-09-07,Admin,140455611.0,50848960.0,
58820,IT,2022-09-08,Admin,140471936.0,50849665.0,
58821,IT,2022-09-09,Admin,140488134.0,50849997.0,
58822,IT,2022-09-10,Admin,140502710.0,50850364.0,
58823,IT,2022-09-11,Admin,140509115.0,50850651.0,
58824,IT,2022-09-12,Admin,140509568.0,50850679.0,
58825,IT,2022-09-13,Admin,140520996.0,50850963.0,
58826,IT,2022-09-14,Admin,140535194.0,50851282.0,
58827,IT,2022-09-15,Admin,140551439.0,50851547.0,
58828,IT,2022-09-16,Admin,140569050.0,50851864.0,
58829,IT,2022-09-17,Admin,140586404.0,50852166.0,
58830,IT,2022-09-18,Admin,140594908.0,50852393.0,
58831,IT,2022-09-19,Admin,140595959.0,50852408.0,
58832,IT,2022-09-20,Admin,140609923.0,50852605.0,
58833,IT,2022-09-21,Admin,140627314.0,50852831.0,
58834,IT,2022-09-22,Admin,140645530.0,50853046.0,
58835,IT,2022-09-23,Admin,140665596.0,50853276.0,
58836,IT,2022-09-24,Admin,140685069.0,50853483.0,
58837,IT,2022-09-25,Admin,140695549.0,50853684.0,
58838,IT,2022-09-26,Admin,140696695.0,50853692.0,
58839,IT,2022-09-27,Admin,140714635.0,50853906.0,
58840,IT,2022-09-28,Admin,140737145.0,50854171.0,
58841,IT,2022-09-29,Admin,140762044.0,50854364.0,
58842,IT,2022-09-30,Admin,140788850.0,50854591.0,
58843,IT,2022-10-01,Admin,140814852.0,50854832.0,
58844,IT,2022-10-02,Admin,140827245.0,50854997.0,
58845,IT,2022-10-03,Admin,140829018.0,50855012.0,
58846,IT,2022-10-04,Admin,140850375.0,50855172.0,
58847,IT,2022-10-05,Admin,140878336.0,50855434.0,
58848,IT,2022-10-06,Admin,140912119.0,50855672.0,
58849,IT,2022-10-07,Admin,140952529.0,50855894.0,
58850,IT,2022-10-08,Admin,140996158.0,50856258.0,
58851,IT,2022-10-09,Admin,141017729.0,50856434.0,
58852,IT,2022-10-10,Admin,141020884.0,50856437.0,
58853,IT,2022-10-11,Admin,141057007.0,50856610.0,
58854,IT,2022-10-12,Admin,141103859.0,50856814.0,
58855,IT,2022-10-13,Admin,141152770.0,50857058.0,
58856,IT,2022-10-14,Admin,141207602.0,50857370.0,
58857,IT,2022-10-15,Admin,141261165.0,50857625.0,
58858,IT,2022-10-16,Admin,141286893.0,50857831.0,
58859,IT,2022-10-17,Admin,141290634.0,50857839.0,
58860,IT,2022-10-18,Admin,141330424.0,50858117.0,
58861,IT,2022-10-19,Admin,141383419.0,50858403.0,
58862,IT,2022-10-20,Admin,141438691.0,50858658.0,
58863,IT,2022-10-21,Admin,141499503.0,50858910.0,
58864,IT,2022-10-22,Admin,141554036.0,50859192.0,
58865,IT,2022-10-23,Admin,141580816.0,50859400.0,
58866,IT,2022-10-24,Admin,141584924.0,50859414.0,
58867,IT,2022-10-25,Admin,141625878.0,50859602.0,
58868,IT,2022-10-26,Admin,141677409.0,50859889.0,
58869,IT,2022-10-27,Admin,141733565.0,50860287.0,
58870,IT,2022-10-28,Admin,141792062.0,50860623.0,
58871,IT,2022-10-29,Admin,141844966.0,50860954.0,
58872,IT,2022-10-30,Admin,141869943.0,50861099.0,
58873,IT,2022-10-31,Admin,141873835.0,50861115.0,
58874,IT,2022-11-01,Admin,141902042.0,50861318.0,
58875,IT,2022-11-02,Admin,141905179.0,50861328.0,
58876,IT,2022-11-03,Admin,141942796.0,50861513.0,
58877,IT,2022-11-04,Admin,141991951.0,50861740.0,
58878,IT,2022-11-05,Admin,142038816.0,50861949.0,
58879,IT,2022-11-06,Admin,142062580.0,50862082.0,
58880,IT,2022-11-07,Admin,142065700.0,50862093.0,
58881,IT,2022-11-08,Admin,142098711.0,50862279.0,
58882,IT,2022-11-09,Admin,142142221.0,50862619.0,
58883,IT,2022-11-10,Admin,142185880.0,50862826.0,
58884,IT,2022-11-11,Admin,142233196.0,50863077.0,
58885,IT,2022-11-12,Admin,142276398.0,50863305.0,
58886,IT,2022-11-13,Admin,142298706.0,50863453.0,
58887,IT,2022-11-14,Admin,142302057.0,50863459.0,
58888,IT,2022-11-15,Admin,142332163.0,50863624.0,
58889,IT,2022-11-16,Admin,142370796.0,50863842.0,
58890,IT,2022-11-17,Admin,142411793.0,50864108.0,
58891,IT,2022-11-18,Admin,142453573.0,50864385.0,
58892,IT,2022-11-19,Admin,142494767.0,50864604.0,
58893,IT,2022-11-20,Admin,142513812.0,50864716.0,
58894,IT,2022-11-21,Admin,142516775.0,50864724.0,
58895,IT,2022-11-22,Admin,142544422.0,50864880.0,
58896,IT,2022-11-23,Admin,142577047.0,50865064.0,
58897,IT,2022-11-24,Admin,142613768.0,50865288.0,
58898,IT,2022-11-25,Admin,142651968.0,50865485.0,
58899,IT,2022-11-26,Admin,142688992.0,50865683.0,
58900,IT,2022-11-27,Admin,142708795.0,50865816.0,
58901,IT,2022-11-28,Admin,142712368.0,50865839.0,
58902,IT,2022-11-29,Admin,142740704.0,50866010.0,
58903,IT,2022-11-30,Admin,142776429.0,50866268.0,
58904,IT,2022-12-01,Admin,142815425.0,50866486.0,
58905,IT,2022-12-02,Admin,142852475.0,50866656.0,
58906,IT,2022-12-03,Admin,142889256.0,50866896.0,
58907,IT,2022-12-04,Admin,142908336.0,50867029.0,
58908,IT,2022-12-05,Admin,142910885.0,50867032.0,
58909,IT,2022-12-06,Admin,142940740.0,50867233.0,
58910,IT,2022-12-07,Admin,142977892.0,50867433.0,
58911,IT,2022-12-08,Admin,143009484.0,50867648.0,
58912,IT,2022-12-09,Admin,143010884.0,50867652.0,
58913,IT,2022-12-10,Admin,143038996.0,50867825.0,
58914,IT,2022-12-11,Admin,143053327.0,50867888.0,
58915,IT,2022-12-12,Admin,143055405.0,50867897.0,
58916,IT,2022-12-13,Admin,143081273.0,50868016.0,
58917,IT,2022-12-14,Admin,143113145.0,50868256.0,
58918,IT,2022-12-15,Admin,143147126.0,50868446.0,
58919,IT,2022-12-16,Admin,143181692.0,50868646.0,
58920,IT,2022-12-17,Admin,143214365.0,50868812.0,
58921,IT,2022-12-18,Admin,143229532.0,50868906.0,
58922,IT,2022-12-19,Admin,143231982.0,50868918.0,
58923,IT,2022-12-20,Admin,143253069.0,50869065.0,
58924,IT,2022-12-21,Admin,143277296.0,50869233.0,
58925,IT,2022-12-22,Admin,143299026.0,50869368.0,
58926,IT,2022-12-23,Admin,143315866.0,50869490.0,
58927,IT,2022-12-24,Admin,143325162.0,50869613.0,
58928,IT,2022-12-25,Admin,143326228.0,50869653.0,
58929,IT,2022-12-26,Admin,143326253.0,50869653.0,
58930,IT,2022-12-27,Admin,143326606.0,50869654.0,
58931,IT,2022-12-28,Admin,143337847.0,50869804.0,
58932,IT,2022-12-29,Admin,143351950.0,50869926.0,
58933,IT,2022-12-30,Admin,143367675.0,50870070.0,
58934,IT,2022-12-31,Admin,143381771.0,50870171.0,
58935,IT,2023-01-01,Admin,143384188.0,50870183.0,
58936,IT,2023-01-02,Admin,143384227.0,50870183.0,
58937,IT,2023-01-03,Admin,143394079.0,50870254.0,
58938,IT,2023-01-04,Admin,143411261.0,50870418.0,
58939,IT,2023-01-05,Admin,143430197.0,50870561.0,
58940,IT,2023-01-06,Admin,143445739.0,50870713.0,
58941,IT,2023-01-07,Admin,143446258.0,50870717.0,
58942,IT,2023-01-08,Admin,143452387.0,50870818.0,
58943,IT,2023-01-09,Admin,143453446.0,50870821.0,
58944,IT,2023-01-10,Admin,143467199.0,50870924.0,
58945,IT,2023-01-11,Admin,143485847.0,50871030.0,
58946,IT,2023-01-12,Admin,143504947.0,50871223.0,
58947,IT,2023-01-13,Admin,143524553.0,50871382.0,
58948,IT,2023-01-14,Admin,143542885.0,50871525.0,
58949,IT,2023-01-15,Admin,143552176.0,50871653.0,
58950,IT,2023-01-16,Admin,143553001.0,50871656.0,
58951,IT,2023-01-17,Admin,143564439.0,50871742.0,
58952,IT,2023-01-18,Admin,143577750.0,50871877.0,
58953,IT,2023-01-19,Admin,143592043.0,50872032.0,
58954,IT,2023-01-20,Admin,143606896.0,50872159.0,
58955,IT,2023-01-21,Admin,143620575.0,50872314.0,
58956,IT,2023-01-22,Admin,143626312.0,50872378.0,
58957,IT,2023-01-23,Admin,143626785.0,50872381.0,
58958,IT,2023-01-24,Admin,143634367.0,50872455.0,
58959,IT,2023-01-25,Admin,143645131.0,50872581.0,
58960,IT,2023-01-26,Admin,143655457.0,50872704.0,
58961,IT,2023-01-27,Admin,143665388.0,50872846.0,
58962,IT,2023-01-28,Admin,143673177.0,50872921.0,
58963,IT,2023-01-29,Admin,143676044.0,50872955.0,
58964,IT,2023-01-30,Admin,149861273.0,50873650.0,
58965,IT,2023-01-31,Admin,149861273.0,50873659.0,
58966,IT,2023-02-01,Admin,150074539.0,50873342.0,
58967,IT,2023-02-02,Admin,150074539.0,50873342.0,
58968,IT,2023-02-03,Admin,150074539.0,50873342.0,
58969,IT,2023-02-04,Admin,150074539.0,50873342.0,
58970,IT,2023-02-05,Admin,150074539.0,50873342.0,
58971,IT,2023-02-06,Admin,150074539.0,50874403.0,
58972,IT,2023-02-07,Admin,150074539.0,50874403.0,
58973,IT,2023-02-08,Admin,150074539.0,50874938.0,
58974,IT,2023-02-09,Admin,150074539.0,50874938.0,
58975,IT,2023-02-10,Admin,150074539.0,50875400.0,
58976,IT,2023-02-11,Admin,150074539.0,50875786.0,
58977,IT,2023-02-12,Admin,150074539.0,50876021.0,
58978,IT,2023-02-13,Admin,150074539.0,50876084.0,
