,ID,Date,Cases,Cases_New,Type
11923761,IT,2020-01-03,3.0,3.0,Active
11923767,IT,2020-01-04,3.0,0.0,Active
11923773,IT,2020-01-05,3.0,0.0,Active
11923779,IT,2020-01-06,3.0,0.0,Active
11923785,IT,2020-01-07,3.0,0.0,Active
11923791,IT,2020-01-08,3.0,0.0,Active
11923797,IT,2020-01-09,3.0,0.0,Active
11923803,IT,2020-01-10,3.0,0.0,Active
11923809,IT,2020-01-11,3.0,0.0,Active
11923815,IT,2020-01-12,3.0,0.0,Active
11923821,IT,2020-01-13,3.0,0.0,Active
11923827,IT,2020-01-14,3.0,0.0,Active
11923833,IT,2020-01-15,3.0,0.0,Active
11923839,IT,2020-01-16,3.0,0.0,Active
11923845,IT,2020-01-17,3.0,0.0,Active
11923851,IT,2020-01-18,3.0,0.0,Active
11923857,IT,2020-01-19,3.0,0.0,Active
11923863,IT,2020-01-20,3.0,0.0,Active
11923869,IT,2020-01-21,3.0,0.0,Active
11923875,IT,2020-01-22,0.0,0.0,Active
11923885,IT,2020-01-23,0.0,0.0,Active
11923895,IT,2020-01-24,0.0,0.0,Active
11923905,IT,2020-01-25,0.0,0.0,Active
11923915,IT,2020-01-26,0.0,0.0,Active
11923925,IT,2020-01-27,0.0,0.0,Active
11923935,IT,2020-01-28,0.0,0.0,Active
11923945,IT,2020-01-29,0.0,0.0,Active
11923955,IT,2020-01-30,0.0,0.0,Active
11923965,IT,2020-01-31,2.0,2.0,Active
11923976,IT,2020-02-01,2.0,0.0,Active
11923987,IT,2020-02-02,2.0,0.0,Active
11923998,IT,2020-02-03,2.0,0.0,Active
11924009,IT,2020-02-04,2.0,0.0,Active
11924020,IT,2020-02-05,2.0,0.0,Active
11924031,IT,2020-02-06,2.0,0.0,Active
11924042,IT,2020-02-07,3.0,1.0,Active
11924053,IT,2020-02-08,3.0,0.0,Active
11924064,IT,2020-02-09,3.0,0.0,Active
11924075,IT,2020-02-10,3.0,0.0,Active
11924086,IT,2020-02-11,3.0,0.0,Active
11924097,IT,2020-02-12,3.0,0.0,Active
11924108,IT,2020-02-13,3.0,0.0,Active
11924119,IT,2020-02-14,3.0,0.0,Active
11924130,IT,2020-02-15,3.0,0.0,Active
11924141,IT,2020-02-16,3.0,0.0,Active
11924152,IT,2020-02-17,3.0,0.0,Active
11924163,IT,2020-02-18,3.0,0.0,Active
11924174,IT,2020-02-19,3.0,0.0,Active
11924185,IT,2020-02-20,3.0,0.0,Active
11924196,IT,2020-02-21,19.0,16.0,Active
11924207,IT,2020-02-22,59.0,40.0,Active
11924218,IT,2020-02-23,150.0,91.0,Active
11924229,IT,2020-02-24,221.0,221.0,Active
11924256,IT,2020-02-25,311.0,90.0,Active
11924283,IT,2020-02-26,385.0,74.0,Active
11924310,IT,2020-02-27,588.0,203.0,Active
11924337,IT,2020-02-28,821.0,233.0,Active
11924364,IT,2020-02-29,1049.0,228.0,Active
11924391,IT,2020-03-01,1577.0,528.0,Active
11924418,IT,2020-03-02,1835.0,258.0,Active
11924445,IT,2020-03-03,2263.0,428.0,Active
11924472,IT,2020-03-04,2706.0,443.0,Active
11924499,IT,2020-03-05,3296.0,590.0,Active
11924526,IT,2020-03-06,3916.0,620.0,Active
11924553,IT,2020-03-07,5061.0,1145.0,Active
11924580,IT,2020-03-08,6387.0,1326.0,Active
11924607,IT,2020-03-09,7985.0,1598.0,Active
11924634,IT,2020-03-10,8514.0,529.0,Active
11924661,IT,2020-03-11,10590.0,2076.0,Active
11924688,IT,2020-03-12,12839.0,2249.0,Active
11924715,IT,2020-03-13,14955.0,2116.0,Active
11924742,IT,2020-03-14,17750.0,2795.0,Active
11924769,IT,2020-03-15,20603.0,2853.0,Active
11924796,IT,2020-03-16,23073.0,2470.0,Active
11924823,IT,2020-03-17,26062.0,2989.0,Active
11924850,IT,2020-03-18,28710.0,2648.0,Active
11924877,IT,2020-03-19,33190.0,4480.0,Active
11924904,IT,2020-03-20,37860.0,4670.0,Active
11924931,IT,2020-03-21,42681.0,4821.0,Active
11924958,IT,2020-03-22,46638.0,3957.0,Active
11924985,IT,2020-03-23,50418.0,3780.0,Active
11925012,IT,2020-03-24,54030.0,3612.0,Active
11925039,IT,2020-03-25,57521.0,3491.0,Active
11925066,IT,2020-03-26,62013.0,4492.0,Active
11925093,IT,2020-03-27,66414.0,4401.0,Active
11925120,IT,2020-03-28,70065.0,3651.0,Active
11925147,IT,2020-03-29,73880.0,3815.0,Active
11925174,IT,2020-03-30,75528.0,1648.0,Active
11925201,IT,2020-03-31,77635.0,2107.0,Active
11925228,IT,2020-04-01,80572.0,2937.0,Active
11925255,IT,2020-04-02,83049.0,2477.0,Active
11925282,IT,2020-04-03,85388.0,2339.0,Active
11925309,IT,2020-04-04,88274.0,2886.0,Active
11925336,IT,2020-04-05,91246.0,2972.0,Active
11925363,IT,2020-04-06,93187.0,1941.0,Active
11925390,IT,2020-04-07,94067.0,880.0,Active
11925417,IT,2020-04-08,95262.0,1195.0,Active
11925444,IT,2020-04-09,96877.0,1615.0,Active
11925471,IT,2020-04-10,98273.0,1396.0,Active
11925498,IT,2020-04-11,100269.0,1996.0,Active
11925525,IT,2020-04-12,102253.0,1984.0,Active
11925552,IT,2020-04-13,103616.0,1363.0,Active
11925579,IT,2020-04-14,104291.0,675.0,Active
11925606,IT,2020-04-15,105418.0,1127.0,Active
11925633,IT,2020-04-16,106607.0,1189.0,Active
11925660,IT,2020-04-17,106962.0,355.0,Active
11925687,IT,2020-04-18,107771.0,809.0,Active
11925714,IT,2020-04-19,108257.0,486.0,Active
11925741,IT,2020-04-20,108237.0,-20.0,Active
11925768,IT,2020-04-21,107709.0,-528.0,Active
11925795,IT,2020-04-22,107699.0,-10.0,Active
11925822,IT,2020-04-23,106848.0,-851.0,Active
11925849,IT,2020-04-24,106527.0,-321.0,Active
11925876,IT,2020-04-25,105847.0,-680.0,Active
11925903,IT,2020-04-26,106103.0,256.0,Active
11925930,IT,2020-04-27,105813.0,-290.0,Active
11925957,IT,2020-04-28,105205.0,-608.0,Active
11925984,IT,2020-04-29,104657.0,-548.0,Active
11926011,IT,2020-04-30,101551.0,-3106.0,Active
11926038,IT,2020-05-01,100943.0,-608.0,Active
11926065,IT,2020-05-02,100704.0,-239.0,Active
11926092,IT,2020-05-03,100179.0,-525.0,Active
11926119,IT,2020-05-04,99980.0,-199.0,Active
11926146,IT,2020-05-05,98467.0,-1513.0,Active
11926173,IT,2020-05-06,91528.0,-6939.0,Active
11926200,IT,2020-05-07,89624.0,-1904.0,Active
11926227,IT,2020-05-08,87961.0,-1663.0,Active
11926254,IT,2020-05-09,84842.0,-3119.0,Active
11926281,IT,2020-05-10,83324.0,-1518.0,Active
11926308,IT,2020-05-11,82488.0,-836.0,Active
11926335,IT,2020-05-12,81266.0,-1222.0,Active
11926362,IT,2020-05-13,78457.0,-2809.0,Active
11926389,IT,2020-05-14,76440.0,-2017.0,Active
11926416,IT,2020-05-15,72070.0,-4370.0,Active
11926443,IT,2020-05-16,70187.0,-1883.0,Active
11926470,IT,2020-05-17,68351.0,-1836.0,Active
11926497,IT,2020-05-18,66553.0,-1798.0,Active
11926524,IT,2020-05-19,65129.0,-1424.0,Active
11926551,IT,2020-05-20,62752.0,-2377.0,Active
11926578,IT,2020-05-21,60960.0,-1792.0,Active
11926605,IT,2020-05-22,59322.0,-1638.0,Active
11926632,IT,2020-05-23,57752.0,-1570.0,Active
11926659,IT,2020-05-24,56594.0,-1158.0,Active
11926686,IT,2020-05-25,55300.0,-1294.0,Active
11926713,IT,2020-05-26,52942.0,-2358.0,Active
11926740,IT,2020-05-27,50966.0,-1976.0,Active
11926767,IT,2020-05-28,47986.0,-2980.0,Active
11926794,IT,2020-05-29,46175.0,-1811.0,Active
11926821,IT,2020-05-30,43691.0,-2484.0,Active
11926848,IT,2020-05-31,42097.0,-1594.0,Active
11926875,IT,2020-06-01,41367.0,-730.0,Active
11926902,IT,2020-06-02,39893.0,-1474.0,Active
11926929,IT,2020-06-03,39297.0,-596.0,Active
11926956,IT,2020-06-04,38429.0,-868.0,Active
11926983,IT,2020-06-05,36976.0,-1453.0,Active
11927010,IT,2020-06-06,35877.0,-1099.0,Active
11927037,IT,2020-06-07,35262.0,-615.0,Active
11927064,IT,2020-06-08,34730.0,-532.0,Active
11927091,IT,2020-06-09,32872.0,-1858.0,Active
11927118,IT,2020-06-10,31710.0,-1162.0,Active
11927145,IT,2020-06-11,30637.0,-1073.0,Active
11927172,IT,2020-06-12,28997.0,-1640.0,Active
11927199,IT,2020-06-13,27485.0,-1512.0,Active
11927226,IT,2020-06-14,26274.0,-1211.0,Active
11927253,IT,2020-06-15,25909.0,-365.0,Active
11927280,IT,2020-06-16,24569.0,-1340.0,Active
11927307,IT,2020-06-17,23925.0,-644.0,Active
11927334,IT,2020-06-18,23101.0,-824.0,Active
11927361,IT,2020-06-19,21543.0,-1558.0,Active
11927388,IT,2020-06-20,21212.0,-331.0,Active
11927415,IT,2020-06-21,20972.0,-240.0,Active
11927442,IT,2020-06-22,20637.0,-335.0,Active
11927469,IT,2020-06-23,19573.0,-1064.0,Active
11927496,IT,2020-06-24,18655.0,-918.0,Active
11927523,IT,2020-06-25,18303.0,-352.0,Active
11927550,IT,2020-06-26,17638.0,-665.0,Active
11927577,IT,2020-06-27,16836.0,-802.0,Active
11927604,IT,2020-06-28,16681.0,-155.0,Active
11927631,IT,2020-06-29,16496.0,-185.0,Active
11927658,IT,2020-06-30,15563.0,-933.0,Active
11927685,IT,2020-07-01,15255.0,-308.0,Active
11927712,IT,2020-07-02,15060.0,-195.0,Active
11927739,IT,2020-07-03,14884.0,-176.0,Active
11927766,IT,2020-07-04,14621.0,-263.0,Active
11927793,IT,2020-07-05,14642.0,21.0,Active
11927820,IT,2020-07-06,14709.0,67.0,Active
11927847,IT,2020-07-07,14242.0,-467.0,Active
11927874,IT,2020-07-08,13595.0,-647.0,Active
11927901,IT,2020-07-09,13459.0,-136.0,Active
11927928,IT,2020-07-10,13428.0,-31.0,Active
11927955,IT,2020-07-11,13303.0,-125.0,Active
11927982,IT,2020-07-12,13179.0,-124.0,Active
11928009,IT,2020-07-13,13157.0,-22.0,Active
11928036,IT,2020-07-14,12919.0,-238.0,Active
11928063,IT,2020-07-15,12493.0,-426.0,Active
11928090,IT,2020-07-16,12473.0,-20.0,Active
11928117,IT,2020-07-17,12456.0,-17.0,Active
11928144,IT,2020-07-18,12368.0,-88.0,Active
11928171,IT,2020-07-19,12440.0,72.0,Active
11928198,IT,2020-07-20,12404.0,-36.0,Active
11928225,IT,2020-07-21,12248.0,-156.0,Active
11928252,IT,2020-07-22,12322.0,74.0,Active
11928279,IT,2020-07-23,12404.0,82.0,Active
11928306,IT,2020-07-24,12301.0,-103.0,Active
11928333,IT,2020-07-25,12442.0,141.0,Active
11928360,IT,2020-07-26,12565.0,123.0,Active
11928387,IT,2020-07-27,12581.0,16.0,Active
11928414,IT,2020-07-28,12609.0,28.0,Active
11928441,IT,2020-07-29,12616.0,7.0,Active
11928468,IT,2020-07-30,12230.0,-386.0,Active
11928495,IT,2020-07-31,12422.0,192.0,Active
11928522,IT,2020-08-01,12457.0,35.0,Active
11928549,IT,2020-08-02,12456.0,-1.0,Active
11928576,IT,2020-08-03,12474.0,18.0,Active
11928603,IT,2020-08-04,12482.0,8.0,Active
11928630,IT,2020-08-05,12646.0,164.0,Active
11928657,IT,2020-08-06,12694.0,48.0,Active
11928684,IT,2020-08-07,12924.0,230.0,Active
11928711,IT,2020-08-08,12953.0,29.0,Active
11928738,IT,2020-08-09,13263.0,310.0,Active
11928765,IT,2020-08-10,13368.0,105.0,Active
11928792,IT,2020-08-11,13561.0,193.0,Active
11928819,IT,2020-08-12,13791.0,230.0,Active
11928846,IT,2020-08-13,14081.0,290.0,Active
11928873,IT,2020-08-14,14249.0,168.0,Active
11928900,IT,2020-08-15,14406.0,157.0,Active
11928927,IT,2020-08-16,14733.0,327.0,Active
11928954,IT,2020-08-17,14867.0,134.0,Active
11928981,IT,2020-08-18,15089.0,222.0,Active
11929008,IT,2020-08-19,15360.0,271.0,Active
11929035,IT,2020-08-20,16014.0,654.0,Active
11929062,IT,2020-08-21,16678.0,664.0,Active
11929089,IT,2020-08-22,17503.0,825.0,Active
11929116,IT,2020-08-23,18438.0,935.0,Active
11929143,IT,2020-08-24,19195.0,757.0,Active
11929170,IT,2020-08-25,19714.0,519.0,Active
11929197,IT,2020-08-26,20753.0,1039.0,Active
11929224,IT,2020-08-27,21932.0,1179.0,Active
11929251,IT,2020-08-28,23035.0,1103.0,Active
11929278,IT,2020-08-29,24156.0,1121.0,Active
11929305,IT,2020-08-30,25205.0,1049.0,Active
11929332,IT,2020-08-31,26078.0,873.0,Active
11929359,IT,2020-09-01,26754.0,676.0,Active
11929386,IT,2020-09-02,27817.0,1063.0,Active
11929413,IT,2020-09-03,28915.0,1098.0,Active
11929440,IT,2020-09-04,30099.0,1184.0,Active
11929467,IT,2020-09-05,31194.0,1095.0,Active
11929494,IT,2020-09-06,32078.0,884.0,Active
11929521,IT,2020-09-07,32993.0,915.0,Active
11929548,IT,2020-09-08,33789.0,796.0,Active
11929575,IT,2020-09-09,34734.0,945.0,Active
11929602,IT,2020-09-10,35708.0,974.0,Active
11929629,IT,2020-09-11,36767.0,1059.0,Active
11929656,IT,2020-09-12,37503.0,736.0,Active
11929683,IT,2020-09-13,38509.0,1006.0,Active
11929710,IT,2020-09-14,39187.0,678.0,Active
11929737,IT,2020-09-15,39712.0,525.0,Active
11929764,IT,2020-09-16,40532.0,820.0,Active
11929791,IT,2020-09-17,41413.0,881.0,Active
11929818,IT,2020-09-18,42457.0,1044.0,Active
11929845,IT,2020-09-19,43161.0,704.0,Active
11929872,IT,2020-09-20,44098.0,937.0,Active
11929899,IT,2020-09-21,45079.0,981.0,Active
11929926,IT,2020-09-22,45489.0,410.0,Active
11929953,IT,2020-09-23,46114.0,625.0,Active
11929980,IT,2020-09-24,46780.0,666.0,Active
11930007,IT,2020-09-25,47718.0,938.0,Active
11930034,IT,2020-09-26,48593.0,875.0,Active
11930061,IT,2020-09-27,49618.0,1025.0,Active
11930088,IT,2020-09-28,50323.0,705.0,Active
11930115,IT,2020-09-29,50630.0,307.0,Active
11930142,IT,2020-09-30,51263.0,633.0,Active
11930169,IT,2020-10-01,52647.0,1384.0,Active
11930196,IT,2020-10-02,53997.0,1350.0,Active
11930223,IT,2020-10-03,55566.0,1569.0,Active
11930250,IT,2020-10-04,57429.0,1863.0,Active
11930277,IT,2020-10-05,58903.0,1474.0,Active
11930304,IT,2020-10-06,60134.0,1231.0,Active
11930331,IT,2020-10-07,62576.0,2442.0,Active
11930358,IT,2020-10-08,65952.0,3376.0,Active
11930385,IT,2020-10-09,70110.0,4158.0,Active
11930412,IT,2020-10-10,74829.0,4719.0,Active
11930439,IT,2020-10-11,79075.0,4246.0,Active
11930466,IT,2020-10-12,82764.0,3689.0,Active
11930493,IT,2020-10-13,87193.0,4429.0,Active
11930520,IT,2020-10-14,92445.0,5252.0,Active
11930547,IT,2020-10-15,99266.0,6821.0,Active
11930574,IT,2020-10-16,107312.0,8046.0,Active
11930601,IT,2020-10-17,116935.0,9623.0,Active
11930628,IT,2020-10-18,126237.0,9302.0,Active
11930655,IT,2020-10-19,134003.0,7766.0,Active
11930682,IT,2020-10-20,142739.0,8736.0,Active
11930709,IT,2020-10-21,155442.0,12703.0,Active
11930736,IT,2020-10-22,169302.0,13860.0,Active
11930763,IT,2020-10-23,186002.0,16700.0,Active
11930790,IT,2020-10-24,203182.0,17180.0,Active
11930817,IT,2020-10-25,222241.0,19059.0,Active
11930844,IT,2020-10-26,236684.0,14443.0,Active
11930871,IT,2020-10-27,255090.0,18406.0,Active
11930898,IT,2020-10-28,276457.0,21367.0,Active
11930925,IT,2020-10-29,299191.0,22734.0,Active
11930952,IT,2020-10-30,325786.0,26595.0,Active
11930979,IT,2020-10-31,351386.0,25600.0,Active
11931006,IT,2020-11-01,378129.0,26743.0,Active
11931033,IT,2020-11-02,396512.0,18383.0,Active
11931060,IT,2020-11-03,418142.0,21630.0,Active
11931087,IT,2020-11-04,443235.0,25093.0,Active
11931114,IT,2020-11-05,472348.0,29113.0,Active
11931141,IT,2020-11-06,499118.0,26770.0,Active
11931168,IT,2020-11-07,532536.0,33418.0,Active
11931195,IT,2020-11-08,558636.0,26100.0,Active
11931222,IT,2020-11-09,573334.0,14698.0,Active
11931249,IT,2020-11-10,590110.0,16776.0,Active
11931276,IT,2020-11-11,613358.0,23248.0,Active
11931303,IT,2020-11-12,635054.0,21696.0,Active
11931330,IT,2020-11-13,663926.0,28872.0,Active
11931357,IT,2020-11-14,688435.0,24509.0,Active
11931384,IT,2020-11-15,712490.0,24055.0,Active
11931411,IT,2020-11-16,717784.0,5294.0,Active
11931438,IT,2020-11-17,733810.0,16026.0,Active
11931465,IT,2020-11-18,743168.0,9358.0,Active
11931492,IT,2020-11-19,761671.0,18503.0,Active
11931519,IT,2020-11-20,777176.0,15505.0,Active
11931546,IT,2020-11-21,791746.0,14570.0,Active
11931573,IT,2020-11-22,805947.0,14201.0,Active
11931600,IT,2020-11-23,796849.0,-9098.0,Active
11931627,IT,2020-11-24,798386.0,1537.0,Active
11931654,IT,2020-11-25,791697.0,-6689.0,Active
11931681,IT,2020-11-26,795845.0,4148.0,Active
11931708,IT,2020-11-27,787893.0,-7952.0,Active
11931735,IT,2020-11-28,789308.0,1415.0,Active
11931762,IT,2020-11-29,795771.0,6463.0,Active
11931789,IT,2020-11-30,788471.0,-7300.0,Active
11931816,IT,2020-12-01,779945.0,-8526.0,Active
11931843,IT,2020-12-02,761230.0,-18715.0,Active
11931870,IT,2020-12-03,759982.0,-1248.0,Active
11931897,IT,2020-12-04,757702.0,-2280.0,Active
11931924,IT,2020-12-05,754169.0,-3533.0,Active
11931951,IT,2020-12-06,755306.0,1137.0,Active
11931978,IT,2020-12-07,748819.0,-6487.0,Active
11932005,IT,2020-12-08,737525.0,-11294.0,Active
11932032,IT,2020-12-09,710515.0,-27010.0,Active
11932059,IT,2020-12-10,696527.0,-13988.0,Active
11932086,IT,2020-12-11,690323.0,-6204.0,Active
11932113,IT,2020-12-12,684848.0,-5475.0,Active
11932140,IT,2020-12-13,686031.0,1183.0,Active
11932167,IT,2020-12-14,675109.0,-10922.0,Active
11932194,IT,2020-12-15,663313.0,-11796.0,Active
11932221,IT,2020-12-16,645706.0,-17607.0,Active
11932248,IT,2020-12-17,635343.0,-10363.0,Active
11932275,IT,2020-12-18,627798.0,-7545.0,Active
11932302,IT,2020-12-19,620166.0,-7632.0,Active
11932329,IT,2020-12-20,622760.0,2594.0,Active
11932356,IT,2020-12-21,613582.0,-9178.0,Active
11932383,IT,2020-12-22,605955.0,-7627.0,Active
11932410,IT,2020-12-23,598816.0,-7139.0,Active
11932437,IT,2020-12-24,593632.0,-5184.0,Active
11932464,IT,2020-12-25,579886.0,-13746.0,Active
11932491,IT,2020-12-26,580943.0,1057.0,Active
11932518,IT,2020-12-27,581760.0,817.0,Active
11932545,IT,2020-12-28,575221.0,-6539.0,Active
11932572,IT,2020-12-29,568728.0,-6493.0,Active
11932599,IT,2020-12-30,564395.0,-4333.0,Active
11932626,IT,2020-12-31,569896.0,5501.0,Active
11932653,IT,2021-01-01,574767.0,4871.0,Active
11932680,IT,2021-01-02,577062.0,2295.0,Active
11932707,IT,2021-01-03,576214.0,-848.0,Active
11932734,IT,2021-01-04,570458.0,-5756.0,Active
11932761,IT,2021-01-05,569161.0,-1297.0,Active
11932788,IT,2021-01-06,568712.0,-449.0,Active
11932815,IT,2021-01-07,571055.0,2343.0,Active
11932842,IT,2021-01-08,570389.0,-666.0,Active
11932869,IT,2021-01-09,572842.0,2453.0,Active
11932896,IT,2021-01-10,579932.0,7090.0,Active
11932923,IT,2021-01-11,575979.0,-3953.0,Active
11932950,IT,2021-01-12,570040.0,-5939.0,Active
11932977,IT,2021-01-13,564774.0,-5266.0,Active
11933004,IT,2021-01-14,561380.0,-3394.0,Active
11933031,IT,2021-01-15,558068.0,-3312.0,Active
11933058,IT,2021-01-16,557717.0,-351.0,Active
11933085,IT,2021-01-17,553374.0,-4343.0,Active
11933112,IT,2021-01-18,547059.0,-6315.0,Active
11933139,IT,2021-01-19,535524.0,-11535.0,Active
11933166,IT,2021-01-20,523553.0,-11971.0,Active
11933193,IT,2021-01-21,516568.0,-6985.0,Active
11933220,IT,2021-01-22,502053.0,-14515.0,Active
11933247,IT,2021-01-23,498834.0,-3219.0,Active
11933274,IT,2021-01-24,499278.0,444.0,Active
11933301,IT,2021-01-25,491630.0,-7648.0,Active
11933328,IT,2021-01-26,482417.0,-9213.0,Active
11933355,IT,2021-01-27,477969.0,-4448.0,Active
11933382,IT,2021-01-28,474617.0,-3352.0,Active
11933409,IT,2021-01-29,467824.0,-6793.0,Active
11933436,IT,2021-01-30,463352.0,-4472.0,Active
11933463,IT,2021-01-31,453968.0,-9384.0,Active
11933490,IT,2021-02-01,447589.0,-6379.0,Active
11933517,IT,2021-02-02,437765.0,-9824.0,Active
11933544,IT,2021-02-03,434722.0,-3043.0,Active
11933571,IT,2021-02-04,430277.0,-4445.0,Active
11933598,IT,2021-02-05,429118.0,-1159.0,Active
11933625,IT,2021-02-06,427034.0,-2084.0,Active
11933652,IT,2021-02-07,427024.0,-10.0,Active
11933679,IT,2021-02-08,419604.0,-7420.0,Active
11933706,IT,2021-02-09,413967.0,-5637.0,Active
11933733,IT,2021-02-10,410111.0,-3856.0,Active
11933760,IT,2021-02-11,405019.0,-5092.0,Active
11933787,IT,2021-02-12,402174.0,-2845.0,Active
11933814,IT,2021-02-13,401413.0,-761.0,Active
11933841,IT,2021-02-14,402783.0,1370.0,Active
11933868,IT,2021-02-15,398098.0,-4685.0,Active
11933895,IT,2021-02-16,393686.0,-4412.0,Active
11933922,IT,2021-02-17,388864.0,-4822.0,Active
11933949,IT,2021-02-18,384501.0,-4363.0,Active
11933976,IT,2021-02-19,382448.0,-2053.0,Active
11934003,IT,2021-02-20,384623.0,2175.0,Active
11934030,IT,2021-02-21,388895.0,4272.0,Active
11934057,IT,2021-02-22,387903.0,-992.0,Active
11934084,IT,2021-02-23,387948.0,45.0,Active
11934111,IT,2021-02-24,389433.0,1485.0,Active
11934138,IT,2021-02-25,396143.0,6710.0,Active
11934165,IT,2021-02-26,404664.0,8521.0,Active
11934192,IT,2021-02-27,411966.0,7302.0,Active
11934219,IT,2021-02-28,422367.0,10401.0,Active
11934246,IT,2021-03-01,424333.0,1966.0,Active
11934273,IT,2021-03-02,430996.0,6663.0,Active
11934300,IT,2021-03-03,437421.0,6425.0,Active
11934327,IT,2021-03-04,446439.0,9018.0,Active
11934354,IT,2021-03-05,456470.0,10031.0,Active
11934381,IT,2021-03-06,465812.0,9342.0,Active
11934408,IT,2021-03-07,472862.0,7050.0,Active
11934435,IT,2021-03-08,472533.0,-329.0,Active
11934462,IT,2021-03-09,478883.0,6350.0,Active
11934489,IT,2021-03-10,487074.0,8191.0,Active
11934516,IT,2021-03-11,497350.0,10276.0,Active
11934543,IT,2021-03-12,509317.0,11967.0,Active
11934570,IT,2021-03-13,520061.0,10744.0,Active
11934597,IT,2021-03-14,531266.0,11205.0,Active
11934624,IT,2021-03-15,530357.0,-909.0,Active
11934651,IT,2021-03-16,536115.0,5758.0,Active
11934678,IT,2021-03-17,539008.0,2893.0,Active
11934705,IT,2021-03-18,547510.0,8502.0,Active
11934732,IT,2021-03-19,556539.0,9029.0,Active
11934759,IT,2021-03-20,565453.0,8914.0,Active
11934786,IT,2021-03-21,571672.0,6219.0,Active
11934813,IT,2021-03-22,563067.0,-8605.0,Active
11934840,IT,2021-03-23,560654.0,-2413.0,Active
11934867,IT,2021-03-24,561308.0,654.0,Active
11934894,IT,2021-03-25,562958.0,1650.0,Active
11934921,IT,2021-03-26,566711.0,3753.0,Active
11934948,IT,2021-03-27,571815.0,5104.0,Active
11934975,IT,2021-03-28,573172.0,1357.0,Active
11935002,IT,2021-03-29,565930.0,-7242.0,Active
11935029,IT,2021-03-30,562765.0,-3165.0,Active
11935056,IT,2021-03-31,561053.0,-1712.0,Active
11935083,IT,2021-04-01,563479.0,2426.0,Active
11935110,IT,2021-04-02,565295.0,1816.0,Active
11935137,IT,2021-04-03,564855.0,-440.0,Active
11935164,IT,2021-04-04,569035.0,4180.0,Active
11935191,IT,2021-04-05,570096.0,1061.0,Active
11935218,IT,2021-04-06,555705.0,-14391.0,Active
11935245,IT,2021-04-07,547837.0,-7868.0,Active
11935272,IT,2021-04-08,544330.0,-3507.0,Active
11935299,IT,2021-04-09,536361.0,-7969.0,Active
11935326,IT,2021-04-10,533085.0,-3276.0,Active
11935353,IT,2021-04-11,533005.0,-80.0,Active
11935380,IT,2021-04-12,524417.0,-8588.0,Active
11935407,IT,2021-04-13,519220.0,-5197.0,Active
11935434,IT,2021-04-14,514660.0,-4560.0,Active
11935461,IT,2021-04-15,510023.0,-4637.0,Active
11935488,IT,2021-04-16,506738.0,-3285.0,Active
11935515,IT,2021-04-17,505308.0,-1430.0,Active
11935542,IT,2021-04-18,504611.0,-697.0,Active
11935569,IT,2021-04-19,493489.0,-11122.0,Active
11935596,IT,2021-04-20,482715.0,-10774.0,Active
11935623,IT,2021-04-21,475635.0,-7080.0,Active
11935650,IT,2021-04-22,472196.0,-3439.0,Active
11935677,IT,2021-04-23,465543.0,-6653.0,Active
11935704,IT,2021-04-24,461448.0,-4095.0,Active
11935731,IT,2021-04-25,461212.0,-236.0,Active
11935758,IT,2021-04-26,452812.0,-8400.0,Active
11935785,IT,2021-04-27,448149.0,-4663.0,Active
11935812,IT,2021-04-28,442771.0,-5378.0,Active
11935839,IT,2021-04-29,438709.0,-4062.0,Active
11935866,IT,2021-04-30,436270.0,-2439.0,Active
11935893,IT,2021-05-01,430542.0,-5728.0,Active
11935920,IT,2021-05-02,430906.0,364.0,Active
11935947,IT,2021-05-03,423558.0,-7348.0,Active
11935974,IT,2021-05-04,413889.0,-9669.0,Active
11936001,IT,2021-05-05,407129.0,-6760.0,Active
11936028,IT,2021-05-06,402802.0,-4327.0,Active
11936055,IT,2021-05-07,397564.0,-5238.0,Active
11936082,IT,2021-05-08,390120.0,-7444.0,Active
11936109,IT,2021-05-09,383854.0,-6266.0,Active
11936136,IT,2021-05-10,373670.0,-10184.0,Active
11936163,IT,2021-05-11,363859.0,-9811.0,Active
11936190,IT,2021-05-12,352422.0,-11437.0,Active
11936217,IT,2021-05-13,346008.0,-6414.0,Active
11936244,IT,2021-05-14,339606.0,-6402.0,Active
11936271,IT,2021-05-15,332830.0,-6776.0,Active
11936298,IT,2021-05-16,328882.0,-3948.0,Active
11936325,IT,2021-05-17,322891.0,-5991.0,Active
11936352,IT,2021-05-18,315308.0,-7583.0,Active
11936379,IT,2021-05-19,306730.0,-8578.0,Active
11936406,IT,2021-05-20,299486.0,-7244.0,Active
11936433,IT,2021-05-21,291788.0,-7698.0,Active
11936460,IT,2021-05-22,283744.0,-8044.0,Active
11936487,IT,2021-05-23,281092.0,-2652.0,Active
11936514,IT,2021-05-24,276439.0,-4653.0,Active
11936541,IT,2021-05-25,268145.0,-8294.0,Active
11936568,IT,2021-05-26,260029.0,-8116.0,Active
11936595,IT,2021-05-27,253193.0,-6836.0,Active
11936622,IT,2021-05-28,246270.0,-6923.0,Active
11936649,IT,2021-05-29,241966.0,-4304.0,Active
11936676,IT,2021-05-30,238296.0,-3670.0,Active
11936703,IT,2021-05-31,233674.0,-4622.0,Active
11936730,IT,2021-06-01,225751.0,-7923.0,Active
11936757,IT,2021-06-02,210050.0,-15701.0,Active
11936784,IT,2021-06-03,205562.0,-4488.0,Active
11936811,IT,2021-06-04,200192.0,-5370.0,Active
11936838,IT,2021-06-05,195369.0,-4823.0,Active
11936865,IT,2021-06-06,192272.0,-3097.0,Active
11936892,IT,2021-06-07,188453.0,-3819.0,Active
11936919,IT,2021-06-08,181726.0,-6727.0,Active
11936946,IT,2021-06-09,174935.0,-6791.0,Active
11936973,IT,2021-06-10,169309.0,-5626.0,Active
11937000,IT,2021-06-11,165239.0,-4070.0,Active
11937027,IT,2021-06-12,162409.0,-2830.0,Active
11937054,IT,2021-06-13,160313.0,-2096.0,Active
11937081,IT,2021-06-14,157790.0,-2523.0,Active
11937108,IT,2021-06-15,105906.0,-51884.0,Active
11937135,IT,2021-06-16,101855.0,-4051.0,Active
11937162,IT,2021-06-17,98608.0,-3247.0,Active
11937189,IT,2021-06-18,92072.0,-6536.0,Active
11937216,IT,2021-06-19,89150.0,-2922.0,Active
11937243,IT,2021-06-20,87710.0,-1440.0,Active
11937270,IT,2021-06-21,76853.0,-10857.0,Active
11937297,IT,2021-06-22,72964.0,-3889.0,Active
11937324,IT,2021-06-23,68619.0,-4345.0,Active
11937351,IT,2021-06-24,62309.0,-6310.0,Active
11937378,IT,2021-06-25,60235.0,-2074.0,Active
11937405,IT,2021-06-26,57732.0,-2503.0,Active
11937432,IT,2021-06-27,57162.0,-570.0,Active
11937459,IT,2021-06-28,54682.0,-2480.0,Active
11937486,IT,2021-06-29,52824.0,-1858.0,Active
11937513,IT,2021-06-30,50441.0,-2383.0,Active
11937540,IT,2021-07-01,49358.0,-1083.0,Active
11937567,IT,2021-07-02,47779.0,-1579.0,Active
11937594,IT,2021-07-03,45576.0,-2203.0,Active
11937621,IT,2021-07-04,44664.0,-912.0,Active
11937648,IT,2021-07-05,43531.0,-1133.0,Active
11937675,IT,2021-07-06,42579.0,-952.0,Active
11937702,IT,2021-07-07,41840.0,-739.0,Active
11937729,IT,2021-07-08,41469.0,-371.0,Active
11937756,IT,2021-07-09,41396.0,-73.0,Active
11937783,IT,2021-07-10,41015.0,-381.0,Active
11937810,IT,2021-07-11,41081.0,66.0,Active
11937837,IT,2021-07-12,40426.0,-655.0,Active
11937864,IT,2021-07-13,40649.0,223.0,Active
11937891,IT,2021-07-14,41700.0,1051.0,Active
11937918,IT,2021-07-15,40900.0,-800.0,Active
11937945,IT,2021-07-16,42714.0,1814.0,Active
11937972,IT,2021-07-17,43491.0,777.0,Active
11937999,IT,2021-07-18,46113.0,2622.0,Active
11938026,IT,2021-07-19,47525.0,1412.0,Active
11938053,IT,2021-07-20,49310.0,1785.0,Active
11938080,IT,2021-07-21,51308.0,1998.0,Active
11938107,IT,2021-07-22,54866.0,3558.0,Active
11938134,IT,2021-07-23,58752.0,3886.0,Active
11938161,IT,2021-07-24,62523.0,3771.0,Active
11938188,IT,2021-07-25,66257.0,3734.0,Active
11938215,IT,2021-07-26,68236.0,1979.0,Active
11938242,IT,2021-07-27,70310.0,2074.0,Active
11938269,IT,2021-07-28,74161.0,3851.0,Active
11938296,IT,2021-07-29,78484.0,4323.0,Active
11938323,IT,2021-07-30,82962.0,4478.0,Active
11938350,IT,2021-07-31,87285.0,4323.0,Active
11938377,IT,2021-08-01,91350.0,4065.0,Active
11938404,IT,2021-08-02,93017.0,1667.0,Active
11938431,IT,2021-08-03,94216.0,1199.0,Active
11938458,IT,2021-08-04,97220.0,3004.0,Active
11938485,IT,2021-08-05,101046.0,3826.0,Active
11938512,IT,2021-08-06,104685.0,3639.0,Active
11938539,IT,2021-08-07,108535.0,3850.0,Active
11938566,IT,2021-08-08,112266.0,3731.0,Active
11938593,IT,2021-08-09,114855.0,2589.0,Active
11938620,IT,2021-08-10,116323.0,1468.0,Active
11938647,IT,2021-08-11,118761.0,2438.0,Active
11938674,IT,2021-08-12,121285.0,2524.0,Active
11938701,IT,2021-08-13,124250.0,2965.0,Active
11938728,IT,2021-08-14,126466.0,2216.0,Active
11938755,IT,2021-08-15,128528.0,2062.0,Active
11938782,IT,2021-08-16,128696.0,168.0,Active
11938809,IT,2021-08-17,129116.0,420.0,Active
11938836,IT,2021-08-18,128782.0,-334.0,Active
11938863,IT,2021-08-19,130502.0,1720.0,Active
11938890,IT,2021-08-20,131462.0,960.0,Active
11938917,IT,2021-08-21,133421.0,1959.0,Active
11938944,IT,2021-08-22,134938.0,1517.0,Active
11938971,IT,2021-08-23,135555.0,617.0,Active
11938998,IT,2021-08-24,135325.0,-230.0,Active
11939025,IT,2021-08-25,135724.0,399.0,Active
11939052,IT,2021-08-26,137057.0,1333.0,Active
11939079,IT,2021-08-27,138118.0,1061.0,Active
11939106,IT,2021-08-28,139428.0,1310.0,Active
11939133,IT,2021-08-29,141047.0,1619.0,Active
11939160,IT,2021-08-30,141393.0,346.0,Active
11939187,IT,2021-08-31,137925.0,-3468.0,Active
11939214,IT,2021-09-01,136578.0,-1347.0,Active
11939241,IT,2021-09-02,136898.0,320.0,Active
11939268,IT,2021-09-03,137025.0,127.0,Active
11939295,IT,2021-09-04,137039.0,14.0,Active
11939322,IT,2021-09-05,136702.0,-337.0,Active
11939349,IT,2021-09-06,136020.0,-682.0,Active
11939376,IT,2021-09-07,133787.0,-2233.0,Active
11939403,IT,2021-09-08,131581.0,-2206.0,Active
11939430,IT,2021-09-09,129918.0,-1663.0,Active
11939457,IT,2021-09-10,128489.0,-1429.0,Active
11939484,IT,2021-09-11,127626.0,-863.0,Active
11939511,IT,2021-09-12,127334.0,-292.0,Active
11939538,IT,2021-09-13,125904.0,-1430.0,Active
11939565,IT,2021-09-14,122340.0,-3564.0,Active
11939592,IT,2021-09-15,118487.0,-3853.0,Active
11939619,IT,2021-09-16,116342.0,-2145.0,Active
11939646,IT,2021-09-17,114271.0,-2071.0,Active
11939673,IT,2021-09-18,113040.0,-1231.0,Active
11939700,IT,2021-09-19,113536.0,496.0,Active
11939727,IT,2021-09-20,112514.0,-1022.0,Active
11939754,IT,2021-09-21,109513.0,-3001.0,Active
11939781,IT,2021-09-22,106559.0,-2954.0,Active
11939808,IT,2021-09-23,105083.0,-1476.0,Active
11939835,IT,2021-09-24,103556.0,-1527.0,Active
11939862,IT,2021-09-25,102574.0,-982.0,Active
11939889,IT,2021-09-26,102244.0,-330.0,Active
11939916,IT,2021-09-27,101080.0,-1164.0,Active
11939943,IT,2021-09-28,98872.0,-2208.0,Active
11939970,IT,2021-09-29,95979.0,-2893.0,Active
11939997,IT,2021-09-30,94308.0,-1671.0,Active
11940024,IT,2021-10-01,93652.0,-656.0,Active
11940051,IT,2021-10-02,92749.0,-903.0,Active
11940078,IT,2021-10-03,92967.0,218.0,Active
11940105,IT,2021-10-04,92096.0,-871.0,Active
11940132,IT,2021-10-05,90299.0,-1797.0,Active
11940159,IT,2021-10-06,88247.0,-2052.0,Active
11940186,IT,2021-10-07,87173.0,-1074.0,Active
11940213,IT,2021-10-08,85926.0,-1247.0,Active
11940240,IT,2021-10-09,85302.0,-624.0,Active
11940267,IT,2021-10-10,84808.0,-494.0,Active
11940294,IT,2021-10-11,84106.0,-702.0,Active
11940321,IT,2021-10-12,82546.0,-1560.0,Active
11940348,IT,2021-10-13,80451.0,-2095.0,Active
11940375,IT,2021-10-14,79368.0,-1083.0,Active
11940402,IT,2021-10-15,78522.0,-846.0,Active
11940429,IT,2021-10-16,78071.0,-451.0,Active
11940456,IT,2021-10-17,77569.0,-502.0,Active
11940483,IT,2021-10-18,76363.0,-1206.0,Active
11940510,IT,2021-10-19,74546.0,-1817.0,Active
11940537,IT,2021-10-20,73668.0,-878.0,Active
11940564,IT,2021-10-21,73750.0,82.0,Active
11940591,IT,2021-10-22,73729.0,-21.0,Active
11940618,IT,2021-10-23,74016.0,287.0,Active
11940645,IT,2021-10-24,74775.0,759.0,Active
11940672,IT,2021-10-25,74654.0,-121.0,Active
11940699,IT,2021-10-26,75046.0,392.0,Active
11940726,IT,2021-10-27,75365.0,319.0,Active
11940753,IT,2021-10-28,76778.0,1413.0,Active
11940780,IT,2021-10-29,78644.0,1866.0,Active
11940807,IT,2021-10-30,80381.0,1737.0,Active
11940834,IT,2021-10-31,82448.0,2067.0,Active
11940861,IT,2021-11-01,83722.0,1274.0,Active
11940888,IT,2021-11-02,84447.0,725.0,Active
11940915,IT,2021-11-03,85287.0,840.0,Active
11940942,IT,2021-11-04,87376.0,2089.0,Active
11940969,IT,2021-11-05,90356.0,2980.0,Active
11940996,IT,2021-11-06,93693.0,3337.0,Active
11941023,IT,2021-11-07,96987.0,3294.0,Active
11941050,IT,2021-11-08,98775.0,1788.0,Active
11941077,IT,2021-11-09,100205.0,1430.0,Active
11941104,IT,2021-11-10,102859.0,2654.0,Active
11941131,IT,2021-11-11,106920.0,4061.0,Active
11941158,IT,2021-11-12,110659.0,3739.0,Active
11941185,IT,2021-11-13,115112.0,4453.0,Active
11941212,IT,2021-11-14,119230.0,4118.0,Active
11941239,IT,2021-11-15,120875.0,1645.0,Active
11941265,IT,2021-11-16,123396.0,2521.0,Active
11941291,IT,2021-11-17,127085.0,3689.0,Active
11941317,IT,2021-11-18,132513.0,5428.0,Active
11941343,IT,2021-11-19,137130.0,4617.0,Active
11941369,IT,2021-11-20,143401.0,6271.0,Active
11941395,IT,2021-11-21,148760.0,5359.0,Active
11941421,IT,2021-11-22,151514.0,2754.0,Active
11941447,IT,2021-11-23,154510.0,2996.0,Active
11941473,IT,2021-11-24,159317.0,4807.0,Active
11941499,IT,2021-11-25,166598.0,7281.0,Active
11941525,IT,2021-11-26,172618.0,6020.0,Active
11941551,IT,2021-11-27,178946.0,6328.0,Active
11941577,IT,2021-11-28,186443.0,7497.0,Active
11941603,IT,2021-11-29,189643.0,3200.0,Active
11941629,IT,2021-11-30,194270.0,4627.0,Active
11941655,IT,2021-12-01,199783.0,5513.0,Active
11941681,IT,2021-12-02,208871.0,9088.0,Active
11941707,IT,2021-12-03,216154.0,7283.0,Active
11941733,IT,2021-12-04,223718.0,7564.0,Active
11941759,IT,2021-12-05,232000.0,8282.0,Active
11941785,IT,2021-12-06,235835.0,3835.0,Active
11941811,IT,2021-12-07,240894.0,5059.0,Active
11941837,IT,2021-12-08,249214.0,8320.0,Active
11941863,IT,2021-12-09,254553.0,5339.0,Active
11941889,IT,2021-12-10,263148.0,8595.0,Active
11941915,IT,2021-12-11,273882.0,10734.0,Active
11941941,IT,2021-12-12,284877.0,10995.0,Active
11941967,IT,2021-12-13,290757.0,5880.0,Active
11941993,IT,2021-12-14,297394.0,6637.0,Active
11942019,IT,2021-12-15,305653.0,8259.0,Active
11942045,IT,2021-12-16,317930.0,12277.0,Active
11942071,IT,2021-12-17,331968.0,14038.0,Active
11942097,IT,2021-12-18,347472.0,15504.0,Active
11942123,IT,2021-12-19,362275.0,14803.0,Active
11942149,IT,2021-12-20,369703.0,7428.0,Active
11942175,IT,2021-12-21,384144.0,14441.0,Active
11942201,IT,2021-12-22,402729.0,18585.0,Active
11942227,IT,2021-12-23,430029.0,27300.0,Active
11942253,IT,2021-12-24,460674.0,30645.0,Active
11942279,IT,2021-12-25,500466.0,39792.0,Active
11942305,IT,2021-12-26,516839.0,16373.0,Active
11942331,IT,2021-12-27,537504.0,20665.0,Active
11942357,IT,2021-12-28,598868.0,61364.0,Active
11942383,IT,2021-12-29,674865.0,75997.0,Active
11942409,IT,2021-12-30,779463.0,104598.0,Active
11942435,IT,2021-12-31,900984.0,121521.0,Active
11942461,IT,2022-01-01,1021793.0,120809.0,Active
11942487,IT,2022-01-02,1070537.0,48744.0,Active
11942513,IT,2022-01-03,1125052.0,54515.0,Active
11942539,IT,2022-01-04,1265297.0,140245.0,Active
11942565,IT,2022-01-05,1421117.0,155820.0,Active
11942591,IT,2022-01-06,1593579.0,172462.0,Active
11942617,IT,2022-01-07,1674071.0,80492.0,Active
11942643,IT,2022-01-08,1818893.0,144822.0,Active
11942669,IT,2022-01-09,1943979.0,125086.0,Active
11942695,IT,2022-01-10,2004597.0,60618.0,Active
11942721,IT,2022-01-11,2134139.0,129542.0,Active
11942747,IT,2022-01-12,2222060.0,87921.0,Active
11942773,IT,2022-01-13,2323518.0,101458.0,Active
11942799,IT,2022-01-14,2398828.0,75310.0,Active
11942825,IT,2022-01-15,2470847.0,72019.0,Active
11942851,IT,2022-01-16,2548857.0,78010.0,Active
11942877,IT,2022-01-17,2555278.0,6421.0,Active
11942903,IT,2022-01-18,2562156.0,6878.0,Active
11942929,IT,2022-01-19,2626590.0,64434.0,Active
11942955,IT,2022-01-20,2682041.0,55451.0,Active
11942981,IT,2022-01-21,2695703.0,13662.0,Active
11943007,IT,2022-01-22,2723949.0,28246.0,Active
11943033,IT,2022-01-23,2734906.0,10957.0,Active
11943059,IT,2022-01-24,2709857.0,-25049.0,Active
11943085,IT,2022-01-25,2689262.0,-20595.0,Active
11943111,IT,2022-01-26,2716581.0,27319.0,Active
11943137,IT,2022-01-27,2706453.0,-10128.0,Active
11943163,IT,2022-01-28,2668828.0,-37625.0,Active
11943189,IT,2022-01-29,2664648.0,-4180.0,Active
11943215,IT,2022-01-30,2643817.0,-20831.0,Active
11943241,IT,2022-01-31,2592606.0,-51211.0,Active
11943267,IT,2022-02-01,2476514.0,-116092.0,Active
11943293,IT,2022-02-02,2407626.0,-68888.0,Active
11943319,IT,2022-02-03,2328230.0,-79396.0,Active
11943345,IT,2022-02-04,2218344.0,-109886.0,Active
11943371,IT,2022-02-05,2128543.0,-89801.0,Active
11943397,IT,2022-02-06,2073248.0,-55295.0,Active
11943423,IT,2022-02-07,1990701.0,-82547.0,Active
11943449,IT,2022-02-08,1927800.0,-62901.0,Active
11943475,IT,2022-02-09,1874625.0,-53175.0,Active
11943501,IT,2022-02-10,1813274.0,-61351.0,Active
11943527,IT,2022-02-11,1751125.0,-62149.0,Active
11943553,IT,2022-02-12,1695614.0,-55511.0,Active
11943579,IT,2022-02-13,1638673.0,-56941.0,Active
11943605,IT,2022-02-14,1590615.0,-48058.0,Active
11943631,IT,2022-02-15,1550410.0,-40205.0,Active
11943657,IT,2022-02-16,1480113.0,-70297.0,Active
11943683,IT,2022-02-17,1438208.0,-41905.0,Active
11943709,IT,2022-02-18,1404122.0,-34086.0,Active
11943735,IT,2022-02-19,1369778.0,-34344.0,Active
11943761,IT,2022-02-20,1348347.0,-21431.0,Active
11943787,IT,2022-02-21,1321971.0,-26376.0,Active
11943813,IT,2022-02-22,1291793.0,-30178.0,Active
11943839,IT,2022-02-23,1221423.0,-70370.0,Active
11943865,IT,2022-02-24,1199228.0,-22195.0,Active
11943891,IT,2022-02-25,1175924.0,-23304.0,Active
11943917,IT,2022-02-26,1140558.0,-35366.0,Active
11943943,IT,2022-02-27,1122278.0,-18280.0,Active
11943969,IT,2022-02-28,1099934.0,-22344.0,Active
11943995,IT,2022-03-01,1073230.0,-26704.0,Active
11944021,IT,2022-03-02,1061610.0,-11620.0,Active
11944047,IT,2022-03-03,1041462.0,-20148.0,Active
11944073,IT,2022-03-04,1023787.0,-17675.0,Active
11944099,IT,2022-03-05,1018831.0,-4956.0,Active
11944125,IT,2022-03-06,1016341.0,-2490.0,Active
11944151,IT,2022-03-07,1008360.0,-7981.0,Active
11944177,IT,2022-03-08,1011521.0,3161.0,Active
11944203,IT,2022-03-09,1001922.0,-9599.0,Active
11944229,IT,2022-03-10,971155.0,-30767.0,Active
11944255,IT,2022-03-11,976479.0,5324.0,Active
11944281,IT,2022-03-12,985622.0,9143.0,Active
11944307,IT,2022-03-13,999504.0,13882.0,Active
11944333,IT,2022-03-14,1003239.0,3735.0,Active
11944359,IT,2022-03-15,1036124.0,32885.0,Active
11944385,IT,2022-03-16,1054167.0,18043.0,Active
11944411,IT,2022-03-17,1088217.0,34050.0,Active
11944437,IT,2022-03-18,1120221.0,32004.0,Active
11944463,IT,2022-03-19,1147519.0,27298.0,Active
11944489,IT,2022-03-20,1172824.0,25305.0,Active
11944515,IT,2022-03-21,1175280.0,2456.0,Active
11944541,IT,2022-03-22,1200607.0,25327.0,Active
11944567,IT,2022-03-23,1226890.0,26283.0,Active
11944593,IT,2022-03-24,1245803.0,18913.0,Active
11944619,IT,2022-03-25,1246281.0,478.0,Active
11944645,IT,2022-03-26,1254383.0,8102.0,Active
11944671,IT,2022-03-27,1262891.0,8508.0,Active
11944697,IT,2022-03-28,1254056.0,-8835.0,Active
11944723,IT,2022-03-29,1266878.0,12822.0,Active
11944749,IT,2022-03-30,1282816.0,15938.0,Active
11944775,IT,2022-03-31,1277044.0,-5772.0,Active
11944801,IT,2022-04-01,1271487.0,-5557.0,Active
11944827,IT,2022-04-02,1277611.0,6124.0,Active
11944853,IT,2022-04-03,1284016.0,6405.0,Active
11944879,IT,2022-04-04,1274305.0,-9711.0,Active
11944905,IT,2022-04-05,1274388.0,83.0,Active
11944931,IT,2022-04-06,1273857.0,-531.0,Active
11944957,IT,2022-04-07,1253056.0,-20801.0,Active
11944983,IT,2022-04-08,1249607.0,-3449.0,Active
11945009,IT,2022-04-09,1237865.0,-11742.0,Active
11945035,IT,2022-04-10,1246556.0,8691.0,Active
11945061,IT,2022-04-11,1232762.0,-13794.0,Active
11945087,IT,2022-04-12,1228745.0,-4017.0,Active
11945113,IT,2022-04-13,1227858.0,-887.0,Active
11945139,IT,2022-04-14,1227662.0,-196.0,Active
11945165,IT,2022-04-15,1218924.0,-8738.0,Active
11945191,IT,2022-04-16,1221338.0,2414.0,Active
11945217,IT,2022-04-17,1226038.0,4700.0,Active
11945243,IT,2022-04-18,1216843.0,-9195.0,Active
11945269,IT,2022-04-19,1208279.0,-8564.0,Active
11945295,IT,2022-04-20,1206900.0,-1379.0,Active
11945321,IT,2022-04-21,1222813.0,15913.0,Active
11945347,IT,2022-04-22,1223122.0,309.0,Active
11945373,IT,2022-04-23,1232229.0,9107.0,Active
11945399,IT,2022-04-24,1244149.0,11920.0,Active
11945425,IT,2022-04-25,1242600.0,-1549.0,Active
11945451,IT,2022-04-26,1234976.0,-7624.0,Active
11945477,IT,2022-04-27,1234676.0,-300.0,Active
11945503,IT,2022-04-28,1248806.0,14130.0,Active
11945529,IT,2022-04-29,1247117.0,-1689.0,Active
11945555,IT,2022-04-30,1229379.0,-17738.0,Active
11945581,IT,2022-05-01,1231670.0,2291.0,Active
11945607,IT,2022-05-02,1205102.0,-26568.0,Active
11945633,IT,2022-05-03,1199960.0,-5142.0,Active
11945659,IT,2022-05-04,1187070.0,-12890.0,Active
11945685,IT,2022-05-05,1165124.0,-21946.0,Active
11945711,IT,2022-05-06,1146385.0,-18739.0,Active
11945737,IT,2022-05-07,1131364.0,-15021.0,Active
11945763,IT,2022-05-08,1119914.0,-11450.0,Active
11945789,IT,2022-05-09,1103755.0,-16159.0,Active
11945815,IT,2022-05-10,1082972.0,-20783.0,Active
11945841,IT,2022-05-11,1041196.0,-41776.0,Active
11945867,IT,2022-05-12,1018683.0,-22513.0,Active
11945893,IT,2022-05-13,1007863.0,-10820.0,Active
11945919,IT,2022-05-14,1000788.0,-7075.0,Active
11945945,IT,2022-05-15,998118.0,-2670.0,Active
11945971,IT,2022-05-16,982368.0,-15750.0,Active
11945997,IT,2022-05-17,967401.0,-14967.0,Active
11946023,IT,2022-05-18,952578.0,-14823.0,Active
11946049,IT,2022-05-19,893175.0,-59403.0,Active
11946075,IT,2022-05-20,874410.0,-18765.0,Active
11946101,IT,2022-05-21,856869.0,-17541.0,Active
11946127,IT,2022-05-22,850596.0,-6273.0,Active
11946153,IT,2022-05-23,833047.0,-17549.0,Active
11946179,IT,2022-05-24,810021.0,-23026.0,Active
11946205,IT,2022-05-25,792583.0,-17438.0,Active
11946231,IT,2022-05-26,753748.0,-38835.0,Active
11946257,IT,2022-05-27,738946.0,-14802.0,Active
11946283,IT,2022-05-28,721575.0,-17371.0,Active
11946309,IT,2022-05-29,712048.0,-9527.0,Active
11946335,IT,2022-05-30,698861.0,-13187.0,Active
11946361,IT,2022-05-31,679394.0,-19467.0,Active
11946387,IT,2022-06-01,668909.0,-10485.0,Active
11946413,IT,2022-06-02,655900.0,-13009.0,Active
11946439,IT,2022-06-03,648056.0,-7844.0,Active
11946465,IT,2022-06-04,641870.0,-6186.0,Active
11946491,IT,2022-06-05,641427.0,-443.0,Active
11946517,IT,2022-06-06,631348.0,-10079.0,Active
11946543,IT,2022-06-07,628977.0,-2371.0,Active
11946569,IT,2022-06-08,628995.0,18.0,Active
11946595,IT,2022-06-09,625217.0,-3778.0,Active
11946621,IT,2022-06-10,623421.0,-1796.0,Active
11946647,IT,2022-06-11,620966.0,-2455.0,Active
11946673,IT,2022-06-12,622214.0,1248.0,Active
11946699,IT,2022-06-13,616928.0,-5286.0,Active
11946725,IT,2022-06-14,603882.0,-13046.0,Active
11946751,IT,2022-06-15,603885.0,3.0,Active
11946777,IT,2022-06-16,600781.0,-3104.0,Active
11946803,IT,2022-06-17,572045.0,-28736.0,Active
11946829,IT,2022-06-18,561015.0,-11030.0,Active
11946855,IT,2022-06-19,593348.0,32333.0,Active
11946881,IT,2022-06-20,574649.0,-18699.0,Active
11946907,IT,2022-06-21,599930.0,25281.0,Active
11946933,IT,2022-06-22,625013.0,25083.0,Active
11946959,IT,2022-06-23,652572.0,27559.0,Active
11946985,IT,2022-06-24,678178.0,25606.0,Active
11947011,IT,2022-06-25,703479.0,25301.0,Active
11947037,IT,2022-06-26,733440.0,29961.0,Active
11947063,IT,2022-06-27,738851.0,5411.0,Active
11947089,IT,2022-06-28,773450.0,34599.0,Active
11947115,IT,2022-06-29,835213.0,61763.0,Active
11947141,IT,2022-06-30,884789.0,49576.0,Active
11947167,IT,2022-07-01,929006.0,44217.0,Active
11947193,IT,2022-07-02,965564.0,36558.0,Active
11947219,IT,2022-07-03,1009943.0,44379.0,Active
11947245,IT,2022-07-04,1019179.0,9236.0,Active
11947271,IT,2022-07-05,1087272.0,68093.0,Active
11947297,IT,2022-07-06,1146034.0,58762.0,Active
11947323,IT,2022-07-07,1198697.0,52663.0,Active
11947349,IT,2022-07-08,1247222.0,48525.0,Active
11947375,IT,2022-07-09,1262865.0,15643.0,Active
11947401,IT,2022-07-10,1300072.0,37207.0,Active
11947427,IT,2022-07-11,1304018.0,3946.0,Active
11947453,IT,2022-07-12,1350481.0,46463.0,Active
11947479,IT,2022-07-13,1391890.0,41409.0,Active
11947505,IT,2022-07-14,1423425.0,31535.0,Active
11947531,IT,2022-07-15,1426766.0,3341.0,Active
11947557,IT,2022-07-16,1448550.0,21784.0,Active
11947583,IT,2022-07-17,1465050.0,16500.0,Active
11947609,IT,2022-07-18,1454395.0,-10655.0,Active
11947635,IT,2022-07-19,1452941.0,-1454.0,Active
11947661,IT,2022-07-20,1459376.0,6435.0,Active
11947687,IT,2022-07-21,1455821.0,-3555.0,Active
11947713,IT,2022-07-22,1449439.0,-6382.0,Active
11947739,IT,2022-07-23,1431860.0,-17579.0,Active
11947765,IT,2022-07-24,1429865.0,-1995.0,Active
11947791,IT,2022-07-25,1414382.0,-15483.0,Active
11947817,IT,2022-07-26,1395433.0,-18949.0,Active
11947843,IT,2022-07-27,1380127.0,-15306.0,Active
11947869,IT,2022-07-28,1352329.0,-27798.0,Active
11947895,IT,2022-07-29,1323264.0,-29065.0,Active
11947921,IT,2022-07-30,1286726.0,-36538.0,Active
11947947,IT,2022-07-31,1276483.0,-10243.0,Active
11947973,IT,2022-08-01,1254753.0,-21730.0,Active
11947999,IT,2022-08-02,1229707.0,-25046.0,Active
11948025,IT,2022-08-03,1201443.0,-28264.0,Active
11948051,IT,2022-08-04,1175294.0,-26149.0,Active
11948077,IT,2022-08-05,1147179.0,-28115.0,Active
11948103,IT,2022-08-06,1105458.0,-41721.0,Active
11948129,IT,2022-08-07,1094956.0,-10502.0,Active
11948155,IT,2022-08-08,1054167.0,-40789.0,Active
11948181,IT,2022-08-09,1018327.0,-35840.0,Active
11948207,IT,2022-08-10,969830.0,-48497.0,Active
11948233,IT,2022-08-11,940212.0,-29618.0,Active
11948259,IT,2022-08-12,914928.0,-25284.0,Active
11948285,IT,2022-08-13,888122.0,-26806.0,Active
11948311,IT,2022-08-14,877570.0,-10552.0,Active
11948337,IT,2022-08-15,867064.0,-10506.0,Active
11948363,IT,2022-08-16,854023.0,-13041.0,Active
11948389,IT,2022-08-17,834760.0,-19263.0,Active
11948415,IT,2022-08-18,817998.0,-16762.0,Active
11948441,IT,2022-08-19,799423.0,-18575.0,Active
11948467,IT,2022-08-20,782628.0,-16795.0,Active
11948493,IT,2022-08-21,778810.0,-3818.0,Active
11948519,IT,2022-08-22,767077.0,-11733.0,Active
11948545,IT,2022-08-23,752091.0,-14986.0,Active
11948571,IT,2022-08-24,727812.0,-24279.0,Active
11948597,IT,2022-08-25,711312.0,-16500.0,Active
11948623,IT,2022-08-26,697822.0,-13490.0,Active
11948649,IT,2022-08-27,682575.0,-15247.0,Active
11948675,IT,2022-08-28,679894.0,-2681.0,Active
11948701,IT,2022-08-29,668764.0,-11130.0,Active
11948727,IT,2022-08-30,660241.0,-8523.0,Active
11948753,IT,2022-08-31,645933.0,-14308.0,Active
11948779,IT,2022-09-01,634194.0,-11739.0,Active
11948805,IT,2022-09-02,620385.0,-13809.0,Active
11948831,IT,2022-09-03,608181.0,-12204.0,Active
11948857,IT,2022-09-04,603166.0,-5015.0,Active
11948883,IT,2022-09-05,589460.0,-13706.0,Active
11948909,IT,2022-09-06,571344.0,-18116.0,Active
11948935,IT,2022-09-07,555745.0,-15599.0,Active
11948961,IT,2022-09-08,515431.0,-40314.0,Active
11948987,IT,2022-09-09,502811.0,-12620.0,Active
11949013,IT,2022-09-10,484939.0,-17872.0,Active
11949039,IT,2022-09-11,471849.0,-13090.0,Active
11949065,IT,2022-09-12,462669.0,-9180.0,Active
11949091,IT,2022-09-13,454035.0,-8634.0,Active
11949117,IT,2022-09-14,450900.0,-3135.0,Active
11949143,IT,2022-09-15,444210.0,-6690.0,Active
11949169,IT,2022-09-16,425722.0,-18488.0,Active
11949195,IT,2022-09-17,426951.0,1229.0,Active
11949221,IT,2022-09-18,428054.0,1103.0,Active
11949247,IT,2022-09-19,427222.0,-832.0,Active
11949273,IT,2022-09-20,414067.0,-13155.0,Active
11949299,IT,2022-09-21,413107.0,-960.0,Active
11949325,IT,2022-09-22,412735.0,-372.0,Active
11949351,IT,2022-09-23,416766.0,4031.0,Active
11949377,IT,2022-09-24,422999.0,6233.0,Active
11949403,IT,2022-09-25,428286.0,5287.0,Active
11949429,IT,2022-09-26,427432.0,-854.0,Active
11949455,IT,2022-09-27,444389.0,16957.0,Active
11949481,IT,2022-09-28,459373.0,14984.0,Active
11949507,IT,2022-09-29,476145.0,16772.0,Active
11949533,IT,2022-09-30,441944.0,-34201.0,Active
11949559,IT,2022-10-01,456149.0,14205.0,Active
11949585,IT,2022-10-02,467949.0,11800.0,Active
11949611,IT,2022-10-03,466949.0,-1000.0,Active
11949637,IT,2022-10-04,491811.0,24862.0,Active
11949663,IT,2022-10-05,509740.0,17929.0,Active
11949689,IT,2022-10-06,508524.0,-1216.0,Active
11949715,IT,2022-10-07,525955.0,17431.0,Active
11949741,IT,2022-10-08,497497.0,-28458.0,Active
11949767,IT,2022-10-09,507891.0,10394.0,Active
11949793,IT,2022-10-10,503427.0,-4464.0,Active
11949819,IT,2022-10-11,520919.0,17492.0,Active
11949845,IT,2022-10-12,533451.0,12532.0,Active
11949871,IT,2022-10-13,539023.0,5572.0,Active
11949897,IT,2022-10-14,542766.0,3743.0,Active
11949923,IT,2022-10-15,552492.0,9726.0,Active
11949949,IT,2022-10-16,553014.0,522.0,Active
11949975,IT,2022-10-17,544088.0,-8926.0,Active
11950001,IT,2022-10-18,543207.0,-881.0,Active
11950027,IT,2022-10-19,542792.0,-415.0,Active
11950053,IT,2022-10-20,534676.0,-8116.0,Active
11950079,IT,2022-10-21,528150.0,-6526.0,Active
11950105,IT,2022-10-22,523696.0,-4454.0,Active
11950131,IT,2022-10-23,519797.0,-3899.0,Active
11950157,IT,2022-10-24,508440.0,-11357.0,Active
11950183,IT,2022-10-25,499999.0,-8441.0,Active
11950209,IT,2022-10-26,498269.0,-1730.0,Active
11950235,IT,2022-10-27,484241.0,-14028.0,Active
11950261,IT,2022-10-28,475906.0,-8335.0,Active
11950287,IT,2022-10-29,467205.0,-8701.0,Active
11950313,IT,2022-10-30,460563.0,-6642.0,Active
11950339,IT,2022-10-31,451094.0,-9469.0,Active
11950365,IT,2022-11-01,441425.0,-9669.0,Active
11950391,IT,2022-11-02,434581.0,-6844.0,Active
11950417,IT,2022-11-03,425111.0,-9470.0,Active
11950443,IT,2022-11-04,422691.0,-2420.0,Active
11950469,IT,2022-11-05,419380.0,-3311.0,Active
11950495,IT,2022-11-06,420746.0,1366.0,Active
11950521,IT,2022-11-07,414942.0,-5804.0,Active
11950547,IT,2022-11-08,415812.0,870.0,Active
11950573,IT,2022-11-09,416727.0,915.0,Active
11950599,IT,2022-11-10,418554.0,1827.0,Active
11950625,IT,2022-11-11,418986.0,432.0,Active
11950651,IT,2022-11-12,422641.0,3655.0,Active
11950677,IT,2022-11-13,427520.0,4879.0,Active
11950703,IT,2022-11-14,423962.0,-3558.0,Active
11950729,IT,2022-11-15,437933.0,13971.0,Active
11950755,IT,2022-11-16,445577.0,7644.0,Active
11950781,IT,2022-11-17,452895.0,7318.0,Active
11950807,IT,2022-11-18,463533.0,10638.0,Active
11950833,IT,2022-11-19,470933.0,7400.0,Active
11950859,IT,2022-11-20,476968.0,6035.0,Active
11950885,IT,2022-11-21,469610.0,-7358.0,Active
11950911,IT,2022-11-22,481661.0,12051.0,Active
11950937,IT,2022-11-23,485641.0,3980.0,Active
11950963,IT,2022-11-24,492457.0,6816.0,Active
11950989,IT,2022-11-25,495052.0,2595.0,Active
11951015,IT,2022-11-26,498247.0,3195.0,Active
11951041,IT,2022-11-27,498053.0,-194.0,Active
11951067,IT,2022-11-28,489978.0,-8075.0,Active
11951093,IT,2022-11-29,500676.0,10698.0,Active
11951119,IT,2022-11-30,502827.0,2151.0,Active
11951145,IT,2022-12-01,507169.0,4342.0,Active
11951171,IT,2022-12-02,513877.0,6708.0,Active
11951197,IT,2022-12-03,518580.0,4703.0,Active
11951223,IT,2022-12-04,519466.0,886.0,Active
11951249,IT,2022-12-05,512751.0,-6715.0,Active
11951275,IT,2022-12-06,518826.0,6075.0,Active
11951301,IT,2022-12-07,520005.0,1179.0,Active
11951327,IT,2022-12-08,523075.0,3070.0,Active
11951353,IT,2022-12-09,517298.0,-5777.0,Active
11951379,IT,2022-12-10,512026.0,-5272.0,Active
11951405,IT,2022-12-11,512309.0,283.0,Active
11951431,IT,2022-12-12,503753.0,-8556.0,Active
11951457,IT,2022-12-13,498712.0,-5041.0,Active
11951483,IT,2022-12-14,493324.0,-5388.0,Active
11951509,IT,2022-12-15,485654.0,-7670.0,Active
11951535,IT,2022-12-16,482379.0,-3275.0,Active
11951561,IT,2022-12-17,478781.0,-3598.0,Active
11951587,IT,2022-12-18,475730.0,-3051.0,Active
11951613,IT,2022-12-19,463982.0,-11748.0,Active
11951639,IT,2022-12-20,455909.0,-8073.0,Active
11951665,IT,2022-12-21,449271.0,-6638.0,Active
11951691,IT,2022-12-22,436465.0,-12806.0,Active
11951717,IT,2022-12-23,431483.0,-4982.0,Active
11951743,IT,2022-12-24,429449.0,-2034.0,Active
11951769,IT,2022-12-25,426882.0,-2567.0,Active
11951795,IT,2022-12-26,423110.0,-3772.0,Active
11951821,IT,2022-12-27,417812.0,-5298.0,Active
11951847,IT,2022-12-28,416013.0,-1799.0,Active
11951873,IT,2022-12-29,417661.0,1648.0,Active
11951899,IT,2022-12-30,419249.0,1588.0,Active
11951925,IT,2022-12-31,423829.0,4580.0,Active
11951951,IT,2023-01-01,427798.0,3969.0,Active
11951977,IT,2023-01-02,422705.0,-5093.0,Active
11952003,IT,2023-01-03,425161.0,2456.0,Active
11952029,IT,2023-01-04,422141.0,-3020.0,Active
11952055,IT,2023-01-05,406182.0,-15959.0,Active
11952081,IT,2023-01-06,389035.0,-17147.0,Active
11952107,IT,2023-01-07,385963.0,-3072.0,Active
11952133,IT,2023-01-08,383443.0,-2520.0,Active
11952159,IT,2023-01-09,374984.0,-8459.0,Active
11952185,IT,2023-01-10,372767.0,-2217.0,Active
11952211,IT,2023-01-11,361348.0,-11419.0,Active
11952237,IT,2023-01-12,353643.0,-7705.0,Active
11952263,IT,2023-01-13,346760.0,-6883.0,Active
11952289,IT,2023-01-14,336591.0,-10169.0,Active
11952315,IT,2023-01-15,329518.0,-7073.0,Active
11952341,IT,2023-01-16,320773.0,-8745.0,Active
11952367,IT,2023-01-17,313418.0,-7355.0,Active
11952393,IT,2023-01-18,307855.0,-5563.0,Active
11952419,IT,2023-01-19,300050.0,-7805.0,Active
11952445,IT,2023-01-20,296249.0,-3801.0,Active
11952471,IT,2023-01-21,292579.0,-3670.0,Active
11952497,IT,2023-01-22,287220.0,-5359.0,Active
11952523,IT,2023-01-23,281237.0,-5983.0,Active
11952549,IT,2023-01-24,276247.0,-4990.0,Active
11952575,IT,2023-01-25,270864.0,-5383.0,Active
11952601,IT,2023-01-26,251970.0,-18894.0,Active
11952627,IT,2023-01-27,247840.0,-4130.0,Active
11952653,IT,2023-01-28,246608.0,-1232.0,Active
11952679,IT,2023-01-29,242432.0,-4176.0,Active
11952705,IT,2023-01-30,238065.0,-4367.0,Active
11952731,IT,2023-01-31,234807.0,-3258.0,Active
11952757,IT,2023-02-01,231025.0,-3782.0,Active
11952783,IT,2023-02-02,227985.0,-3040.0,Active
11952809,IT,2023-02-03,223961.0,-4024.0,Active
11952835,IT,2023-02-04,219446.0,-4515.0,Active
11952861,IT,2023-02-05,215670.0,-3776.0,Active
11952887,IT,2023-02-06,211203.0,-4467.0,Active
11952913,IT,2023-02-07,209950.0,-1253.0,Active
11952939,IT,2023-02-08,206197.0,-3753.0,Active
11952965,IT,2023-02-09,196058.0,-10139.0,Active
11952991,IT,2023-02-10,25331516.0,30622.0,Active
11953001,IT,2023-02-11,25331516.0,0.0,Active
11953011,IT,2023-02-12,25331516.0,0.0,Active
11953021,IT,2023-02-13,25331516.0,0.0,Active
11953031,IT,2023-02-14,25331516.0,0.0,Active
